teamIDfg,Season,Team,Age,G,AB,PA,H,1B,2B,3B,HR,R,RBI,BB,IBB,SO,HBP,SF,SH,GDP,SB,CS,AVG,GB,FB,LD,IFFB,Pitches,Balls,Strikes,IFH,BU,BUH,BB%,K%,BB/K,OBP,SLG,OPS,ISO,BABIP,GB/FB,LD%,GB%,FB%,IFFB%,HR/FB,IFH%,BUH%,wOBA,wRAA,wRC,Bat,Fld,Rep,Pos,RAR,WAR,Dol,Spd,wRC+,WPA,-WPA,+WPA,RE24,REW,pLI,phLI,PH,WPA/LI,Clutch,FB% (Pitch),FBv,SL%,SLv,CT%,CTv,CB%,CBv,CH%,CHv,SF%,SFv,KN%,KNv,XX%,PO%,wFB,wSL,wCT,wCB,wCH,wSF,wKN,wFB/C,wSL/C,wCT/C,wCB/C,wCH/C,wSF/C,wKN/C,O-Swing%,Z-Swing%,Swing%,O-Contact%,Z-Contact%,Contact%,Zone%,F-Strike%,SwStr%,BsR,FA% (sc),FT% (sc),FC% (sc),FS% (sc),FO% (sc),SI% (sc),SL% (sc),CU% (sc),KC% (sc),EP% (sc),CH% (sc),SC% (sc),KN% (sc),UN% (sc),vFA (sc),vFT (sc),vFC (sc),vFS (sc),vFO (sc),vSI (sc),vSL (sc),vCU (sc),vKC (sc),vEP (sc),vCH (sc),vSC (sc),vKN (sc),FA-X (sc),FT-X (sc),FC-X (sc),FS-X (sc),FO-X (sc),SI-X (sc),SL-X (sc),CU-X (sc),KC-X (sc),EP-X (sc),CH-X (sc),SC-X (sc),KN-X (sc),FA-Z (sc),FT-Z (sc),FC-Z (sc),FS-Z (sc),FO-Z (sc),SI-Z (sc),SL-Z (sc),CU-Z (sc),KC-Z (sc),EP-Z (sc),CH-Z (sc),SC-Z (sc),KN-Z (sc),wFA (sc),wFT (sc),wFC (sc),wFS (sc),wFO (sc),wSI (sc),wSL (sc),wCU (sc),wKC (sc),wEP (sc),wCH (sc),wSC (sc),wKN (sc),wFA/C (sc),wFT/C (sc),wFC/C (sc),wFS/C (sc),wFO/C (sc),wSI/C (sc),wSL/C (sc),wCU/C (sc),wKC/C (sc),wEP/C (sc),wCH/C (sc),wSC/C (sc),wKN/C (sc),O-Swing% (sc),Z-Swing% (sc),Swing% (sc),O-Contact% (sc),Z-Contact% (sc),Contact% (sc),Zone% (sc),Pace,Def,wSB,UBR,Age Rng,Off,Lg,wGDP,Pull%,Cent%,Oppo%,Soft%,Med%,Hard%,TTO%,CH% (pi),CS% (pi),CU% (pi),FA% (pi),FC% (pi),FS% (pi),KN% (pi),SB% (pi),SI% (pi),SL% (pi),XX% (pi),vCH (pi),vCS (pi),vCU (pi),vFA (pi),vFC (pi),vFS (pi),vKN (pi),vSB (pi),vSI (pi),vSL (pi),vXX (pi),CH-X (pi),CS-X (pi),CU-X (pi),FA-X (pi),FC-X (pi),FS-X (pi),KN-X (pi),SB-X (pi),SI-X (pi),SL-X (pi),XX-X (pi),CH-Z (pi),CS-Z (pi),CU-Z (pi),FA-Z (pi),FC-Z (pi),FS-Z (pi),KN-Z (pi),SB-Z (pi),SI-Z (pi),SL-Z (pi),XX-Z (pi),wCH (pi),wCS (pi),wCU (pi),wFA (pi),wFC (pi),wFS (pi),wKN (pi),wSB (pi),wSI (pi),wSL (pi),wXX (pi),wCH/C (pi),wCS/C (pi),wCU/C (pi),wFA/C (pi),wFC/C (pi),wFS/C (pi),wKN/C (pi),wSB/C (pi),wSI/C (pi),wSL/C (pi),wXX/C (pi),O-Swing% (pi),Z-Swing% (pi),Swing% (pi),O-Contact% (pi),Z-Contact% (pi),Contact% (pi),Zone% (pi),Pace (pi),FRM,AVG+,BB%+,K%+,OBP+,SLG+,ISO+,BABIP+,LD+%,GB%+,FB%+,HR/FB%+,Pull%+,Cent%+,Oppo%+,Soft%+,Med%+,Hard%+,EV,LA,Barrels,Barrel%,maxEV,HardHit,HardHit%,Events,CStr%,CSW%,xBA,xSLG,xwOBA,L-WAR
14,2021,TOR,28,2383,5476,6070,1455,895,285,13,262,846,816,496,14,1218,51,35,10,112,81,20,0.266,1730,1662,889,171,23254,8419,14835,128,22,7,0.08199999999999999,0.201,0.41,0.33,0.466,0.797,0.2,0.296,1.04,0.20800000000000002,0.40399999999999997,0.38799999999999996,0.10300000000000001,0.158,0.07400000000000001,0.318,0.34,129.4,864,92.2,10.0,189.7,-15.6,295.6,29.6,$237.1,4.2,112,1.96,-100.71,102.67,96.67,9.07,0.91,1.26,100,7.46,-5.31,0.502,93.7,0.212,84.9,0.073,87.6,0.08800000000000001,79.6,0.11199999999999999,85.0,0.013000000000000001,86.7,,,0.002,,75.7,8.2,-1.6,34.4,9.1,3.5,,0.65,0.17,-0.1,1.69,0.35,1.17,,0.319,0.725,0.488,0.633,0.867,0.778,0.418,0.621,0.10800000000000001,1.0,0.355,,0.087,0.01,,0.145,0.198,0.069,0.02,0.0,0.11599999999999999,,,,93.8,,87.7,86.5,,93.5,84.7,79.0,80.7,45.9,85.1,,,-1.8,,0.5,-5.1,,-5.1,1.7,2.2,2.4,1.1,-1.6,,,9.5,,4.3,2.4,,5.3,1.2,-4.7,-6.5,5.5,4.5,,,41.3,,-1.0,1.4,,20.3,2.7,26.3,4.2,-0.4,6.0,,,0.5,,-0.05,0.63,,0.6,0.06,1.64,0.9,-5.72,0.22,,,0.272,0.698,0.489,0.55,0.862,0.7759999999999999,0.508,22.8,-5.6,2.9,0.6,22 - 37,93.2,18.3,-0.7,0.41,0.336,0.254,0.149,0.516,0.336,0.326,0.115,0.0,0.08,0.361,0.07400000000000001,0.01,,,0.141,0.21899999999999997,0.0,84.8,72.5,79.4,93.7,87.5,86.2,,,93.4,84.7,79.3,-1.5,6.8,2.3,-1.5,0.4,-5.1,,,-5.1,2.2,-3.3,3.0,-10.3,-7.7,8.3,3.4,0.8,,,3.8,-0.3,8.5,3.5,0.0,30.1,41.6,-2.9,2.6,,,19.6,6.4,0.0,0.13,-0.26,1.62,0.5,-0.17,1.11,,,0.6,0.13,4.97,0.276,0.691,0.489,0.551,0.862,0.7759999999999999,0.512,22.8,5.0,108,96,88,104,112,118,102,1.01,95,105,116,102,97,102,91,100,104,90.3,13.6,418,0.09699999999999999,117.4,1817,0.42200000000000004,4305,0.149,0.257,,,,29.8
21,2021,HOU,28,2319,5593,6291,1496,962,299,14,221,863,834,569,25,1222,64,54,9,136,53,16,0.267,1785,1658,958,170,24555,8982,15573,115,33,8,0.09,0.19399999999999998,0.47,0.339,0.444,0.783,0.177,0.303,1.08,0.218,0.406,0.377,0.10300000000000001,0.133,0.064,0.242,0.336,114.9,876,112.9,32.5,196.6,-14.9,339.9,34.1,$272.6,3.8,115,6.67,-103.23,109.9,144.3,14.79,0.95,1.54,94,7.9,-0.85,0.509,93.2,0.21100000000000002,84.1,0.061,88.8,0.085,79.2,0.114,84.5,0.016,85.8,0.003,77.2,0.003,,36.4,7.8,23.5,6.5,24.0,1.1,5.3,0.29,0.15,1.56,0.31,0.86,0.27,8.57,0.295,0.667,0.45299999999999996,0.682,0.88,0.8059999999999999,0.423,0.607,0.08800000000000001,-6.2,0.33799999999999997,,0.073,0.018000000000000002,,0.17,0.195,0.071,0.02,,0.11199999999999999,,0.002,,93.4,,88.9,85.6,,92.6,84.1,78.5,80.5,,84.5,,77.9,-1.5,,0.6,-6.3,,-2.5,1.7,1.6,2.6,,-0.9,,-1.7,9.7,,5.0,2.6,,5.4,1.3,-4.8,-7.0,,4.5,,1.9,28.2,,16.3,-0.8,,-4.9,1.5,12.7,-0.9,,25.8,,5.1,0.34,,0.91,-0.18,,-0.12,0.03,0.72,-0.18,,0.94,,8.99,0.25,0.6459999999999999,0.45299999999999996,0.626,0.871,0.805,0.512,24.6,17.7,-1.5,-0.1,24 - 37,106.6,18.9,-4.6,0.41,0.35200000000000004,0.23800000000000002,0.14800000000000002,0.52,0.331,0.32,0.111,0.0,0.08900000000000001,0.345,0.066,0.019,0.003,0.0,0.165,0.20199999999999999,0.0,84.6,69.0,79.3,93.6,88.7,85.7,76.9,74.8,92.7,84.2,87.6,-1.0,5.9,2.1,-1.5,0.6,-6.1,-1.6,10.0,-2.4,1.9,-3.8,2.9,-10.7,-7.3,8.5,3.7,1.4,0.2,-1.3,4.0,-0.1,5.3,25.3,0.0,5.5,25.8,17.7,-2.3,5.3,0.0,-2.8,7.4,0.4,0.93,-4.11,0.25,0.3,1.1,-0.5,8.57,-1.54,-0.07,0.15,4.72,0.256,0.635,0.45299999999999996,0.624,0.872,0.805,0.519,24.6,0.8,109,107,85,107,107,104,104,1.06,96,102,98,102,101,95,91,101,103,89.5,14.0,342,0.077,116.4,1800,0.406,4436,0.18,0.268,,,,34.0
3,2021,BOS,29,2353,5495,6122,1434,862,330,23,219,829,783,512,22,1386,61,42,10,100,40,21,0.261,1671,1603,862,190,23976,8485,15491,113,23,5,0.084,0.226,0.37,0.328,0.449,0.777,0.188,0.309,1.04,0.20800000000000002,0.40399999999999997,0.38799999999999996,0.11900000000000001,0.13699999999999998,0.068,0.217,0.333,93.0,834,39.7,-13.1,191.3,-14.3,216.6,21.7,$173.7,4.0,105,5.44,-106.81,112.25,67.35,5.99,0.98,1.73,92,4.03,1.51,0.52,93.5,0.19,84.6,0.063,87.3,0.094,79.7,0.12,84.3,0.013000000000000001,85.6,0.001,53.0,0.003,,38.6,18.5,6.7,14.3,23.1,0.5,-0.1,0.31,0.41,0.44,0.64,0.81,0.15,-0.4,0.337,0.6990000000000001,0.48700000000000004,0.642,0.836,0.757,0.413,0.611,0.11800000000000001,-5.6,0.382,,0.08,0.013000000000000001,,0.135,0.174,0.077,0.017,0.001,0.12,,,,93.5,,87.6,85.2,,93.3,84.3,78.9,80.9,45.9,84.3,,,-1.4,,0.5,-5.7,,-1.8,1.5,0.4,2.8,0.1,-0.4,,,9.7,,4.3,2.3,,5.6,1.0,-4.5,-5.3,5.9,4.4,,,13.2,,7.5,0.2,,7.8,15.5,5.7,9.7,0.8,22.0,,,0.14,,0.39,0.05,,0.24,0.37,0.31,2.39,4.01,0.77,,,0.3,0.6729999999999999,0.48700000000000004,0.591,0.831,0.757,0.5,24.7,-27.3,-5.6,-2.8,22 - 35,34.1,18.4,4.0,0.397,0.33799999999999997,0.265,0.16699999999999998,0.502,0.331,0.34600000000000003,0.11900000000000001,,0.09,0.389,0.069,0.013000000000000001,,,0.129,0.18899999999999997,0.0,84.4,,79.6,93.6,87.8,85.5,,,93.5,84.7,88.8,-0.4,,1.1,-1.2,0.4,-5.6,,,-1.9,1.7,3.8,2.8,,-6.6,8.5,3.3,0.9,,,4.0,-0.3,0.2,18.9,,7.9,19.5,8.0,1.8,,,7.6,17.5,0.1,0.66,,0.36,0.21,0.48,0.58,,,0.25,0.39,0.76,0.303,0.6679999999999999,0.48700000000000004,0.588,0.8320000000000001,0.7559999999999999,0.504,24.7,0.4,106,99,99,104,108,111,106,1.02,95,105,100,99,97,106,102,98,103,89.9,13.7,411,0.099,118.6,1765,0.424,4163,0.158,0.27699999999999997,,,,21.4
30,2021,SFG,29,2597,5462,6196,1360,823,271,25,241,804,768,602,45,1461,64,30,36,117,66,14,0.249,1586,1541,871,128,24617,9079,15538,98,69,16,0.09699999999999999,0.23600000000000002,0.41,0.329,0.44,0.769,0.191,0.295,1.03,0.218,0.397,0.385,0.083,0.156,0.062,0.23199999999999998,0.329,73.0,823,64.5,30.1,193.6,35.3,328.6,33.0,$263.6,4.4,108,9.42,-104.03,113.45,99.35,9.86,0.96,1.19,406,9.17,0.66,0.502,93.4,0.18600000000000003,84.6,0.073,89.3,0.11,79.4,0.11699999999999999,85.6,0.011000000000000001,85.7,0.0,68.9,0.006,,69.1,-24.8,11.5,4.5,8.4,-5.3,0.6,0.56,-0.54,0.64,0.17,0.29,-1.9,7.05,0.282,0.688,0.456,0.625,0.846,0.767,0.428,0.602,0.106,-9.0,0.361,,0.076,0.011000000000000001,,0.141,0.175,0.09699999999999999,0.023,,0.11699999999999999,,,,93.5,,89.2,86.3,,92.9,84.8,79.0,80.5,,85.5,,,-2.0,,0.7,-4.4,,-4.0,1.9,2.3,2.9,,-3.5,,,9.3,,5.1,2.2,,5.2,1.1,-4.7,-6.7,,3.9,,,39.6,,6.3,-2.3,,28.9,-18.8,-7.6,4.7,,2.0,,,0.45,,0.34,-0.84,,0.83,-0.44,-0.32,0.83,,0.07,,,0.24100000000000002,0.66,0.456,0.557,0.838,0.7659999999999999,0.514,23.8,65.4,2.4,-7.7,21 - 37,55.5,14.1,-1.1,0.405,0.354,0.242,0.15,0.534,0.315,0.37200000000000005,0.11599999999999999,0.0,0.111,0.366,0.07200000000000001,0.011000000000000001,0.0,,0.13699999999999998,0.18600000000000003,0.001,85.6,76.1,79.4,93.7,89.3,86.2,71.0,,92.9,84.7,86.0,-3.6,9.8,2.3,-1.9,1.0,-4.0,1.6,,-3.9,2.2,-1.5,2.4,-9.2,-7.0,8.3,4.1,1.1,-2.7,,3.8,-0.3,3.0,1.1,-0.3,-5.2,46.1,1.7,-2.5,0.7,,24.6,-13.1,0.2,0.04,-13.02,-0.19,0.51,0.09,-0.93,7.7,,0.73,-0.29,1.18,0.247,0.648,0.456,0.556,0.841,0.767,0.521,23.8,5.5,100,106,106,101,105,111,100,1.04,93,106,114,101,101,98,92,105,96,88.7,14.8,377,0.09300000000000001,113.2,1574,0.387,4069,0.17,0.276,,,,32.2
4,2021,CHW,28,2292,5357,6084,1373,886,275,22,190,796,757,586,10,1389,78,39,24,139,57,20,0.256,1838,1303,849,93,23930,8640,15290,143,41,7,0.096,0.228,0.42,0.336,0.422,0.758,0.166,0.31,1.41,0.213,0.461,0.327,0.071,0.146,0.078,0.171,0.329,73.0,809,57.6,-32.4,190.1,-14.6,219.6,22.0,$176.1,4.3,108,4.3,-101.76,106.06,74.05,7.41,0.94,1.55,83,7.43,-2.87,0.52,93.4,0.207,84.7,0.049,88.9,0.1,79.9,0.10800000000000001,84.9,0.016,85.8,0.0,71.5,0.001,,50.8,-21.4,-0.3,15.5,20.4,2.0,0.0,0.41,-0.43,-0.03,0.65,0.79,0.51,-1.4,0.33,0.6829999999999999,0.47600000000000003,0.624,0.856,0.7609999999999999,0.414,0.603,0.114,0.5,0.365,,0.063,0.021,,0.149,0.2,0.075,0.025,0.0,0.10300000000000001,,,,93.4,,89.4,85.8,,93.3,84.6,79.0,81.5,43.2,84.8,,,-2.0,,0.7,-6.8,,-4.2,1.6,2.5,2.6,-1.0,-2.8,,,9.4,,4.6,3.0,,5.8,1.0,-5.3,-6.6,6.4,4.6,,,18.4,,-3.0,-2.3,,14.6,-20.3,11.0,2.8,0.7,18.1,,,0.21,,-0.2,-0.47,,0.41,-0.43,0.62,0.48,6.56,0.74,,,0.29100000000000004,0.6629999999999999,0.47600000000000003,0.5579999999999999,0.851,0.7609999999999999,0.49700000000000005,23.5,-47.0,-2.3,6.3,22 - 34,58.1,18.3,-4.9,0.39,0.345,0.265,0.156,0.516,0.32899999999999996,0.35600000000000004,0.102,0.0,0.098,0.375,0.057,0.021,0.0,,0.14400000000000002,0.20199999999999999,0.0,84.8,76.6,79.8,93.6,88.7,85.8,71.8,,93.3,84.7,86.1,-2.7,7.8,2.9,-1.8,0.8,-6.6,2.1,,-4.1,1.9,-2.0,3.1,-9.5,-7.4,8.3,3.2,1.5,0.8,,4.4,-0.4,-0.2,19.6,0.5,15.6,18.7,0.9,-2.2,-0.1,,14.3,-27.0,-0.1,0.81,6.81,0.67,0.21,0.07,-0.44,-12.0,,0.42,-0.56,-1.4,0.295,0.655,0.47600000000000003,0.5579999999999999,0.852,0.7609999999999999,0.503,23.5,-13.4,104,114,100,106,102,98,106,1.04,109,88,107,97,99,106,95,100,102,89.2,10.4,313,0.078,117.7,1585,0.39299999999999996,4031,0.161,0.275,,,,22.9
18,2021,CIN,29,2472,5423,6162,1352,822,295,13,222,786,756,553,22,1425,105,45,35,129,36,24,0.249,1681,1429,909,126,24111,8861,15250,116,59,6,0.09,0.231,0.39,0.328,0.431,0.759,0.182,0.296,1.18,0.226,0.418,0.35600000000000004,0.08800000000000001,0.155,0.069,0.102,0.327,61.4,807,-14.3,-33.1,192.6,37.5,180.0,18.1,$144.4,3.2,98,-4.2,-110.22,106.01,24.81,2.03,0.98,1.26,299,0.09,-4.38,0.514,93.2,0.192,84.4,0.057,89.0,0.11,78.7,0.11599999999999999,84.8,0.012,85.1,,,0.004,,54.5,-29.5,10.2,7.8,9.7,-0.6,,0.44,-0.63,0.75,0.29,0.35,-0.21,,0.317,0.6920000000000001,0.47,0.621,0.855,0.762,0.409,0.606,0.11199999999999999,-16.7,0.34700000000000003,,0.064,0.013000000000000001,,0.163,0.183,0.092,0.024,,0.115,,,,93.5,,89.3,85.1,,92.3,84.4,78.5,80.1,,84.8,,,-2.2,,0.8,-5.0,,-4.2,1.4,2.7,2.9,,-3.9,,,9.2,,4.9,1.7,,5.7,1.1,-5.4,-5.1,,4.0,,,42.9,,-3.0,-0.6,,-4.2,-20.8,13.9,-6.7,,7.3,,,0.51,,-0.2,-0.2,,-0.11,-0.47,0.63,-1.16,,0.27,,,0.281,0.662,0.47,0.5539999999999999,0.8490000000000001,0.7609999999999999,0.49700000000000005,23.3,4.4,-7.9,-6.9,23 - 37,-31.0,14.0,-0.3,0.41,0.341,0.249,0.15,0.512,0.33799999999999997,0.35700000000000004,0.11599999999999999,,0.111,0.364,0.057,0.012,,,0.14800000000000002,0.192,,85.0,,78.9,93.7,89.3,85.1,,,92.4,84.6,,-3.6,,2.8,-1.7,1.5,-4.3,,,-4.6,1.9,,2.6,,-7.2,8.2,3.8,0.5,,,4.2,-0.1,,4.4,,6.6,50.3,-3.1,-0.3,,,-6.4,-22.2,,0.16,,0.25,0.57,-0.22,-0.1,,,-0.18,-0.48,,0.285,0.654,0.47,0.556,0.85,0.7609999999999999,0.502,23.3,1.4,100,98,104,101,103,106,100,1.08,98,98,114,102,97,101,92,101,103,88.4,13.2,347,0.085,114.1,1550,0.38,4079,0.159,0.271,,,,17.7
22,2021,LAD,28,2459,5445,6239,1330,822,247,24,237,830,799,613,36,1408,104,45,32,96,65,17,0.244,1644,1618,809,131,24466,9124,15342,140,43,3,0.098,0.226,0.44,0.33,0.429,0.759,0.185,0.284,1.02,0.19899999999999998,0.40399999999999997,0.397,0.081,0.146,0.085,0.07,0.327,60.3,816,41.3,-4.8,195.0,40.9,289.2,29.0,$232.0,4.5,105,4.77,-106.04,110.81,121.1,12.54,0.96,1.29,274,6.88,-1.93,0.507,93.3,0.21600000000000003,84.8,0.059000000000000004,88.8,0.09699999999999999,79.3,0.105,85.4,0.013999999999999999,85.6,0.0,62.5,0.005,,71.6,-11.4,0.4,-5.9,15.4,2.5,0.2,0.58,-0.22,0.03,-0.25,0.6,0.73,8.69,0.278,0.6859999999999999,0.45399999999999996,0.616,0.85,0.769,0.431,0.598,0.105,2.7,0.355,,0.055999999999999994,0.015,,0.149,0.21600000000000003,0.08,0.025,,0.105,,,,93.6,,89.2,85.4,,92.5,84.9,78.7,81.0,,85.4,,,-1.8,,0.3,-5.9,,-3.4,1.5,2.7,1.9,,-3.1,,,9.1,,5.1,2.9,,4.9,1.2,-4.9,-5.2,,3.6,,,40.9,,2.4,0.2,,19.9,-16.5,-4.1,-8.4,,13.5,,,0.47,,0.18,0.04,,0.54,-0.31,-0.21,-1.39,,0.53,,,0.23600000000000002,0.6559999999999999,0.45399999999999996,0.5379999999999999,0.845,0.768,0.519,24.0,36.1,0.7,2.5,22 - 41,44.0,14.2,6.1,0.41700000000000004,0.342,0.24100000000000002,0.141,0.506,0.354,0.36200000000000004,0.10300000000000001,0.0,0.098,0.363,0.051,0.017,,,0.145,0.223,0.0,85.4,69.2,79.3,93.7,89.1,85.5,,,92.5,84.9,86.2,-2.8,6.3,2.8,-1.5,0.5,-5.8,,,-3.4,1.9,-2.1,2.2,-9.9,-6.9,8.0,3.9,1.6,,,3.5,-0.2,1.5,12.1,0.0,-12.9,44.4,-1.0,-0.9,,,20.9,-14.4,0.1,0.48,0.78,-0.54,0.5,-0.08,-0.23,,,0.59,-0.26,0.58,0.24100000000000002,0.645,0.45399999999999996,0.534,0.847,0.768,0.526,24.0,4.4,98,107,101,101,102,108,97,0.95,95,109,107,104,97,98,86,100,108,89.5,14.7,360,0.08800000000000001,115.3,1653,0.402,4114,0.171,0.276,,,,29.3
24,2021,WSN,29,2386,5385,6113,1388,914,272,20,182,724,686,573,43,1303,84,31,38,158,56,26,0.258,1929,1254,890,106,23472,8599,14873,109,78,12,0.094,0.213,0.44,0.337,0.417,0.754,0.159,0.307,1.54,0.21899999999999997,0.474,0.308,0.085,0.145,0.057,0.154,0.326,54.4,794,14.9,-21.1,191.0,35.9,221.6,22.2,$177.8,3.7,102,-4.81,-114.08,109.27,2.29,0.4,1.02,1.25,282,-0.38,-4.33,0.511,93.8,0.2,85.1,0.052000000000000005,88.2,0.10800000000000001,79.2,0.115,85.4,0.013999999999999999,85.6,,,0.006999999999999999,,62.0,-6.0,-9.0,-4.6,6.8,-6.5,,0.52,-0.13,-0.74,-0.18,0.25,-1.97,,0.292,0.68,0.457,0.627,0.86,0.774,0.425,0.609,0.10300000000000001,-13.1,0.35100000000000003,,0.059000000000000004,0.016,,0.16,0.191,0.085,0.027000000000000003,,0.11199999999999999,,,,93.9,,88.8,85.7,,93.5,84.8,78.6,80.7,,85.4,,,-2.2,,0.6,-6.3,,-3.5,1.1,2.1,2.5,,-3.7,,,9.2,,4.6,2.0,,5.6,1.0,-5.4,-4.3,,3.9,,,43.8,,-4.8,-3.4,,6.5,-16.5,-11.8,1.9,,0.3,,,0.53,,-0.34,-0.94,,0.17,-0.37,-0.59,0.3,,0.01,,,0.249,0.6559999999999999,0.457,0.5529999999999999,0.853,0.774,0.512,23.6,14.8,-4.9,-9.9,21 - 37,1.8,13.9,-10.6,0.371,0.377,0.252,0.163,0.52,0.318,0.337,0.114,0.0,0.10800000000000001,0.36,0.049,0.015,,,0.15,0.203,0.0,85.4,74.7,79.0,94.0,88.5,85.9,,,93.7,85.4,78.5,-3.5,8.3,2.1,-1.8,1.0,-6.2,,,-4.0,1.5,-4.7,2.3,-9.4,-7.1,8.1,3.7,1.0,,,3.9,-0.3,-1.1,-0.4,0.1,-9.0,42.6,-15.3,-3.5,,,11.0,-5.2,0.0,-0.01,3.22,-0.36,0.51,-1.33,-0.98,,,0.31,-0.11,2.01,0.252,0.644,0.457,0.552,0.8540000000000001,0.774,0.522,23.6,-6.8,104,102,96,103,99,93,104,1.04,111,85,106,92,107,102,99,102,97,88.6,9.5,288,0.069,116.6,1627,0.392,4153,0.17300000000000001,0.276,,,,20.3
16,2021,ATL,29,2392,5363,6056,1307,779,269,20,239,790,762,549,36,1453,67,43,32,81,59,19,0.244,1586,1520,830,133,23528,8515,15013,114,48,6,0.091,0.24,0.38,0.319,0.435,0.754,0.191,0.288,1.04,0.21100000000000002,0.40299999999999997,0.386,0.08800000000000001,0.157,0.07200000000000001,0.125,0.323,39.2,772,-7.6,1.4,189.3,36.7,235.7,23.6,$189.1,4.1,99,0.04,-106.15,106.19,63.17,6.39,0.98,1.23,272,2.22,-2.17,0.518,93.5,0.198,85.1,0.068,88.7,0.092,78.5,0.11,85.3,0.013999999999999999,86.1,,,0.006,,20.2,-11.9,0.4,13.5,29.5,-0.4,,0.17,-0.26,0.03,0.63,1.14,-0.11,,0.32,0.735,0.493,0.62,0.831,0.7509999999999999,0.41700000000000004,0.608,0.12300000000000001,2.1,0.35700000000000004,,0.07400000000000001,0.013000000000000001,,0.158,0.188,0.076,0.022000000000000002,,0.11199999999999999,,,,93.5,,88.8,86.3,,93.5,85.1,78.1,80.3,,85.2,,,-2.3,,0.4,-5.2,,-4.6,1.6,3.0,2.9,,-3.4,,,9.1,,4.7,2.4,,5.4,1.3,-4.8,-5.7,,3.8,,,33.7,,-11.1,-1.3,,-19.5,-3.8,9.0,-0.5,,25.3,,,0.4,,-0.64,-0.42,,-0.52,-0.09,0.5,-0.1,,0.96,,,0.278,0.703,0.493,0.552,0.826,0.75,0.507,23.7,38.1,-0.8,0.9,22 - 38,-5.4,13.8,5.3,0.419,0.34600000000000003,0.23399999999999999,0.156,0.512,0.332,0.37,0.11,0.0,0.092,0.359,0.067,0.013999999999999999,,,0.158,0.201,,85.2,62.7,78.7,93.5,88.6,86.3,,,93.4,85.2,,-3.3,0.3,2.6,-2.1,0.6,-4.9,,,-4.5,2.2,,2.4,-8.2,-7.0,8.0,3.9,1.2,,,4.1,0.0,,25.1,0.1,8.1,27.6,-0.9,-0.5,,,-16.1,-11.9,,0.98,3.58,0.37,0.33,-0.06,-0.17,,,-0.44,-0.25,,0.281,0.696,0.494,0.55,0.8270000000000001,0.75,0.513,23.7,-0.4,98,99,108,98,103,112,98,1.01,94,106,115,104,99,95,95,101,101,89.5,13.9,392,0.098,117.9,1619,0.406,3987,0.142,0.265,,,,24.6
12,2021,TBR,28,2389,5507,6213,1336,790,288,36,222,857,810,585,27,1542,72,41,6,75,88,42,0.243,1698,1539,752,168,24326,8960,15366,150,23,9,0.094,0.248,0.38,0.321,0.429,0.75,0.186,0.294,1.1,0.18899999999999997,0.426,0.386,0.109,0.14400000000000002,0.08800000000000001,0.391,0.322,40.9,793,66.4,27.8,194.2,-16.0,301.6,30.2,$242.0,5.0,109,8.69,-107.87,116.56,143.47,14.71,1.0,2.0,120,9.1,-0.41,0.506,93.6,0.187,84.5,0.067,88.4,0.102,79.8,0.122,84.8,0.016,86.5,,,0.004,,52.9,-4.2,3.6,14.3,7.2,-4.3,,0.43,-0.09,0.22,0.58,0.24,-1.1,,0.307,0.705,0.474,0.609,0.8170000000000001,0.7390000000000001,0.418,0.601,0.124,10.5,0.348,,0.079,0.019,,0.156,0.175,0.07400000000000001,0.028999999999999998,0.0,0.12,,,,93.7,,88.6,86.0,,93.1,84.3,79.5,80.3,44.8,84.8,,,-1.0,,0.5,-6.3,,-2.7,1.0,1.9,2.2,-8.0,-2.1,,,10.0,,5.0,2.3,,5.8,1.4,-4.7,-5.9,5.3,4.9,,,8.3,,8.0,-4.5,,29.8,-8.0,11.7,-2.0,1.0,8.4,,,0.1,,0.42,-0.96,,0.78,-0.19,0.65,-0.29,8.66,0.29,,,0.265,0.6779999999999999,0.474,0.5329999999999999,0.815,0.737,0.506,23.2,11.8,-4.9,5.3,20 - 41,77.0,18.7,10.8,0.39899999999999997,0.361,0.24,0.177,0.491,0.332,0.37799999999999995,0.11900000000000001,,0.1,0.355,0.066,0.019,,,0.15,0.191,0.0,85.0,,80.0,94.0,88.6,86.6,,,93.4,84.8,85.2,-1.9,,2.1,-0.8,0.2,-6.0,,,-2.7,1.4,-0.4,3.1,,-7.1,8.5,3.6,0.6,,,4.1,-0.1,8.7,6.2,,9.2,9.3,0.8,-6.4,,,31.0,0.4,0.0,0.21,,0.38,0.11,0.05,-1.36,,,0.85,0.01,1.02,0.267,0.6679999999999999,0.474,0.536,0.813,0.737,0.515,23.2,5.0,99,111,108,101,103,110,101,0.92,100,104,106,99,104,96,109,95,103,88.9,12.6,335,0.083,117.5,1596,0.39799999999999996,4014,0.156,0.28,,,,31.1
8,2021,MIN,28,2356,5431,6078,1311,795,271,17,228,729,690,525,17,1405,70,42,7,122,54,15,0.241,1710,1497,844,149,23515,8706,14809,86,24,5,0.086,0.231,0.37,0.314,0.423,0.738,0.182,0.282,1.14,0.20800000000000002,0.42200000000000004,0.37,0.1,0.152,0.05,0.20800000000000002,0.318,15.7,752,16.9,15.6,189.9,-15.4,219.6,22.0,$176.1,3.9,102,-6.23,-110.93,104.7,-15.02,-1.52,0.99,1.58,111,-3.51,-2.77,0.486,93.7,0.22,85.1,0.055999999999999994,88.4,0.08900000000000001,79.6,0.135,84.6,0.013000000000000001,85.8,,,0.003,,55.6,-25.3,-5.3,-3.2,-16.7,-0.4,,0.49,-0.49,-0.4,-0.15,-0.52,-0.15,,0.306,0.6940000000000001,0.46799999999999997,0.624,0.843,0.759,0.41700000000000004,0.604,0.113,-5.8,0.321,,0.08,0.015,,0.161,0.201,0.068,0.021,0.0,0.134,,,,94.0,,88.8,85.9,,93.0,84.7,79.0,81.0,57.7,84.6,,,-1.5,,0.7,-6.8,,-2.9,1.1,1.4,2.6,-4.2,-1.1,,,9.5,,4.6,3.2,,5.7,0.8,-5.5,-6.3,9.2,4.6,,,61.4,,-14.1,-1.9,,-14.4,-23.3,-3.7,0.5,1.0,-20.0,,,0.81,,-0.75,-0.55,,-0.38,-0.49,-0.23,0.09,10.69,-0.64,,,0.266,0.669,0.46799999999999997,0.552,0.8390000000000001,0.758,0.502,23.5,0.2,-0.2,1.1,22 - 40,11.1,18.3,-4.0,0.435,0.336,0.22899999999999998,0.151,0.509,0.34,0.355,0.133,,0.087,0.331,0.071,0.015,,,0.156,0.207,,84.6,,79.6,94.2,88.4,86.1,,,93.1,84.9,,-1.2,,1.9,-1.4,0.8,-6.4,,,-2.9,1.3,,3.1,,-7.6,8.4,3.3,1.7,,,4.3,-0.4,,-19.0,,-4.7,58.1,-10.1,-1.5,,,-13.2,-25.0,,-0.61,,-0.23,0.75,-0.61,-0.42,,,-0.36,-0.51,,0.271,0.66,0.46799999999999997,0.552,0.841,0.758,0.506,23.5,5.9,98,102,101,99,102,107,97,1.02,99,100,112,108,97,92,92,99,106,89.9,13.1,416,0.102,117.1,1685,0.413,4078,0.161,0.273,,,,21.5
9,2021,NYY,29,2354,5331,6060,1266,819,213,12,222,711,666,621,14,1482,63,34,10,154,63,18,0.237,1675,1432,751,140,24803,9426,15377,97,35,12,0.102,0.245,0.42,0.322,0.407,0.729,0.169,0.285,1.17,0.195,0.434,0.371,0.098,0.155,0.057999999999999996,0.34299999999999997,0.317,13.3,747,20.0,-26.5,189.4,-15.1,182.3,18.3,$146.2,3.6,103,1.71,-110.7,112.41,-21.69,-2.12,1.02,1.89,94,-0.76,2.44,0.51,93.8,0.212,84.9,0.065,88.4,0.086,79.3,0.11,84.4,0.017,87.6,,,0.002,,13.6,-13.5,-6.6,9.1,-25.7,1.6,,0.11,-0.26,-0.41,0.43,-0.95,0.38,,0.28300000000000003,0.669,0.444,0.617,0.83,0.7509999999999999,0.418,0.5820000000000001,0.111,-3.8,0.35200000000000004,,0.075,0.017,,0.156,0.20199999999999999,0.062,0.025,0.0,0.11,0.0,,,93.9,,88.6,86.8,,93.5,84.8,78.3,80.6,52.9,84.4,82.3,,-1.5,,0.9,-5.9,,-3.3,1.9,1.0,2.3,2.1,-0.3,-5.9,,9.6,,4.8,2.5,,5.3,1.1,-5.7,-6.3,11.7,4.3,-1.1,,14.7,,-14.8,-1.4,,-9.0,-4.4,-1.6,4.4,0.0,-26.9,-0.1,,0.17,,-0.81,-0.32,,-0.23,-0.09,-0.11,0.7,-4.14,-0.99,-12.07,,0.239,0.6459999999999999,0.444,0.541,0.826,0.75,0.505,23.8,-41.6,0.0,-3.7,22 - 38,16.2,18.3,-11.4,0.389,0.35,0.261,0.163,0.516,0.322,0.384,0.109,0.0,0.086,0.361,0.065,0.018000000000000002,,0.0,0.14800000000000002,0.212,0.0,84.5,71.1,79.2,94.1,88.5,86.9,,83.1,93.5,85.0,79.3,-0.3,5.8,1.8,-1.4,0.9,-5.7,,-5.7,-3.2,2.1,0.7,2.8,-6.8,-7.8,8.4,3.5,1.1,,-2.8,3.9,-0.2,-0.1,-23.8,-0.4,3.5,13.2,-12.4,-3.8,,-0.1,-8.8,-7.2,0.2,-0.88,-5.2,0.17,0.15,-0.78,-0.88,,-12.0,-0.24,-0.14,5.67,0.24600000000000002,0.634,0.444,0.546,0.826,0.75,0.511,23.8,3.0,97,121,107,102,98,100,98,0.95,102,100,114,97,101,104,99,100,100,89.9,12.5,380,0.098,122.2,1650,0.424,3894,0.174,0.285,,,,17.5
19,2021,COL,28,2344,5374,6007,1338,847,275,34,182,739,709,491,24,1356,58,36,48,98,76,23,0.249,1795,1404,815,123,22881,8007,14874,121,88,10,0.08199999999999999,0.226,0.36,0.317,0.414,0.731,0.165,0.299,1.28,0.203,0.447,0.35,0.08800000000000001,0.13,0.067,0.114,0.315,-3.2,724,-149.7,10.8,187.7,30.0,94.1,9.4,$75.5,4.8,80,-8.37,-112.56,104.19,-62.48,-6.91,1.01,1.18,278,-6.81,-1.47,0.518,93.2,0.192,84.4,0.07400000000000001,88.4,0.092,79.7,0.11199999999999999,84.6,0.011000000000000001,85.8,,,0.004,,32.6,-27.1,-12.9,10.6,5.6,-1.3,,0.28,-0.62,-0.76,0.5,0.22,-0.48,,0.32799999999999996,0.705,0.488,0.624,0.851,0.764,0.426,0.615,0.115,1.6,0.375,,0.078,0.013000000000000001,,0.13699999999999998,0.187,0.08,0.021,,0.109,,,,93.4,,88.7,85.5,,92.5,84.6,79.2,81.0,,84.8,,,-1.7,,0.3,-4.5,,-3.1,1.9,2.2,3.6,,-2.1,,,8.6,,4.5,2.5,,4.5,0.8,-4.5,-5.9,,3.3,,,30.5,,-15.6,-3.3,,-10.7,-25.0,4.7,1.3,,0.8,,,0.36,,-0.87,-1.1,,-0.34,-0.58,0.26,0.27,,0.03,,,0.29,0.672,0.488,0.5579999999999999,0.8440000000000001,0.763,0.518,24.2,40.8,0.9,8.3,22 - 36,-148.1,13.7,3.2,0.36700000000000005,0.36,0.273,0.171,0.5,0.32899999999999996,0.33799999999999997,0.11,0.0,0.099,0.375,0.07200000000000001,0.013000000000000001,,,0.141,0.18899999999999997,0.0,84.7,69.5,79.7,93.6,88.9,85.6,,,92.6,84.7,86.3,-2.1,4.4,2.8,-1.4,0.6,-4.3,,,-3.4,2.2,-4.8,2.4,-7.1,-6.0,8.0,4.0,1.7,,,3.6,-0.1,5.3,-0.5,0.6,4.1,30.1,-14.7,-1.6,,,-7.5,-26.0,0.0,-0.02,29.93,0.18,0.35,-0.9,-0.52,,,-0.23,-0.6,3.58,0.29600000000000004,0.6659999999999999,0.488,0.564,0.8440000000000001,0.763,0.519,24.2,0.7,100,89,101,97,99,97,101,0.97,105,96,95,91,102,111,105,99,100,87.7,11.3,270,0.066,114.7,1477,0.36,4102,0.158,0.273,,,,10.9
26,2021,PHI,28,2394,5366,6089,1288,804,262,24,198,734,700,564,37,1402,67,43,47,103,77,19,0.24,1763,1383,804,151,23823,8530,15293,143,104,25,0.09300000000000001,0.23,0.4,0.318,0.408,0.726,0.168,0.286,1.27,0.204,0.446,0.35,0.109,0.14300000000000002,0.081,0.24,0.313,-10.1,727,-50.5,-12.5,190.3,35.6,183.2,18.4,$147.0,4.6,94,0.6,-107.32,107.92,8.9,0.61,1.0,1.26,275,-2.61,3.2,0.521,93.7,0.20199999999999999,84.5,0.062,88.4,0.096,78.8,0.10800000000000001,85.7,0.011000000000000001,86.3,0.001,62.5,0.006,,-16.5,-10.9,1.9,3.0,17.3,4.0,1.8,-0.13,-0.23,0.13,0.13,0.67,1.47,12.0,0.312,0.6859999999999999,0.474,0.64,0.838,0.764,0.43200000000000005,0.61,0.11199999999999999,6.5,0.35600000000000004,,0.068,0.013999999999999999,,0.163,0.191,0.087,0.016,,0.105,,0.001,,93.8,,88.2,86.4,,93.4,84.6,78.5,80.8,,85.6,,60.0,-1.9,,0.2,-6.3,,-3.6,0.8,2.3,1.8,,-3.2,,1.0,9.5,,4.6,2.7,,5.6,1.3,-5.0,-3.9,,3.8,,6.8,-15.1,,-7.1,2.9,,-9.4,-13.8,10.5,-3.5,,14.1,,1.7,-0.18,,-0.44,0.87,,-0.24,-0.3,0.51,-0.92,,0.56,,14.57,0.26899999999999996,0.6659999999999999,0.474,0.579,0.833,0.763,0.516,23.9,23.1,2.6,3.4,22 - 36,-44.0,13.9,1.8,0.389,0.349,0.261,0.17600000000000002,0.514,0.31,0.355,0.107,0.0,0.096,0.365,0.062,0.012,0.001,,0.154,0.203,0.0,85.7,74.9,79.2,93.8,88.3,86.4,61.5,,93.5,84.7,89.1,-3.1,7.9,2.2,-1.6,0.3,-5.8,2.1,,-3.7,1.1,-4.1,2.2,-10.2,-6.9,8.3,3.7,1.0,4.9,,4.0,-0.3,5.4,15.3,0.4,2.3,-4.6,-7.5,2.9,1.8,,-15.9,-13.0,0.0,0.6,8.96,0.1,-0.05,-0.51,1.04,12.67,,-0.43,-0.27,0.37,0.27399999999999997,0.6559999999999999,0.474,0.58,0.833,0.764,0.523,23.9,6.2,96,101,103,97,97,98,97,0.97,105,96,105,97,100,106,108,101,94,88.4,11.6,294,0.07200000000000001,116.3,1493,0.368,4056,0.163,0.275,,,,19.1
10,2021,OAK,30,2353,5395,6104,1284,795,271,19,199,743,698,545,17,1349,98,49,17,99,88,20,0.238,1664,1589,825,167,23968,8762,15206,105,34,6,0.08900000000000001,0.221,0.4,0.317,0.406,0.723,0.168,0.278,1.05,0.20199999999999999,0.408,0.39,0.105,0.125,0.063,0.17600000000000002,0.313,-7.0,732,18.6,24.2,190.8,-17.5,235.2,23.6,$188.7,4.5,102,3.57,-107.04,110.61,30.48,3.07,1.0,1.48,158,1.86,1.72,0.513,93.3,0.196,84.3,0.06,88.2,0.11199999999999999,79.3,0.10099999999999999,84.2,0.017,86.5,,,0.002,,-0.5,17.6,-13.1,-9.6,6.5,-0.8,,0.0,0.37,-0.91,-0.36,0.27,-0.19,,0.299,0.6970000000000001,0.469,0.629,0.85,0.769,0.426,0.5920000000000001,0.10800000000000001,0.8,0.373,,0.075,0.018000000000000002,,0.13699999999999998,0.182,0.09,0.025,0.0,0.10099999999999999,,,,93.5,,88.2,85.9,,92.8,84.2,78.8,80.6,31.8,84.3,,,-1.6,,0.4,-6.5,,-3.5,1.6,0.7,2.5,-3.3,0.0,,,9.8,,4.8,3.1,,5.3,1.3,-5.2,-6.1,8.4,4.5,,,7.1,,-9.4,-0.6,,-11.8,5.1,-13.1,4.5,0.4,3.6,,,0.08,,-0.52,-0.13,,-0.36,0.12,-0.61,0.76,6.85,0.15,,,0.259,0.667,0.469,0.5660000000000001,0.843,0.768,0.514,24.1,6.7,4.4,2.7,23 - 38,19.4,18.4,4.7,0.41100000000000003,0.359,0.231,0.16699999999999998,0.519,0.314,0.34299999999999997,0.1,0.0,0.114,0.38,0.068,0.019,,,0.133,0.185,0.0,84.3,68.2,79.4,93.7,88.0,86.0,,,92.9,84.4,86.7,0.2,8.2,1.5,-1.3,0.5,-6.0,,,-3.3,2.1,3.9,2.8,-10.4,-7.3,8.5,3.2,1.5,,,3.9,-0.2,3.7,2.6,0.0,-11.1,-0.1,-2.5,-0.3,,,-10.2,5.8,0.1,0.11,-0.63,-0.4,0.0,-0.15,-0.07,,,-0.32,0.13,1.32,0.261,0.662,0.469,0.565,0.843,0.768,0.518,24.1,9.0,97,105,97,100,98,99,96,0.99,96,105,92,102,103,92,102,101,98,89.0,14.1,358,0.087,115.3,1623,0.395,4112,0.16399999999999998,0.273,,,,24.1
29,2021,SDP,28,2497,5384,6119,1305,831,273,21,180,729,695,586,42,1324,61,46,36,121,110,39,0.242,1843,1407,824,171,23760,8797,14963,127,68,11,0.096,0.21600000000000003,0.44,0.321,0.401,0.722,0.159,0.287,1.31,0.20199999999999999,0.452,0.345,0.122,0.128,0.069,0.162,0.312,-13.7,727,-11.0,7.2,191.2,25.2,229.0,23.0,$183.7,4.5,99,-3.95,-107.21,103.26,24.18,2.65,1.0,1.26,305,-0.34,-3.61,0.525,93.6,0.19899999999999998,85.0,0.068,89.2,0.08800000000000001,79.1,0.105,85.2,0.015,85.3,0.001,57.2,0.006,,3.7,-16.1,-8.5,9.6,-8.1,4.5,0.3,0.03,-0.34,-0.53,0.46,-0.33,1.26,1.33,0.282,0.672,0.449,0.623,0.862,0.7759999999999999,0.42700000000000005,0.604,0.10099999999999999,2.6,0.35200000000000004,,0.07,0.017,,0.171,0.193,0.071,0.023,,0.102,,,,93.8,,89.4,85.1,,93.1,85.1,78.5,80.8,,85.1,,,-2.6,,0.6,-6.9,,-3.7,1.7,2.0,3.3,,-3.0,,,9.5,,5.3,2.2,,5.2,1.4,-4.8,-6.9,,3.9,,,-1.7,,-6.4,1.2,,-7.1,-11.2,5.7,-4.5,,-7.7,,,-0.02,,-0.38,0.3,,-0.18,-0.24,0.33,-0.81,,-0.32,,,0.243,0.643,0.449,0.5479999999999999,0.857,0.7759999999999999,0.515,23.6,32.3,0.7,3.0,21 - 37,-8.5,13.9,-3.0,0.39299999999999996,0.358,0.249,0.17800000000000002,0.503,0.319,0.342,0.10400000000000001,,0.08800000000000001,0.35700000000000004,0.07,0.016,,,0.168,0.198,,85.2,,79.2,93.8,89.1,85.2,,,93.0,85.1,,-2.7,,2.8,-2.2,0.9,-6.5,,,-3.6,2.2,,2.3,,-7.4,8.3,3.8,0.5,,,3.8,-0.1,,-8.6,,3.9,-0.8,-10.2,2.5,,,-4.7,-14.0,,-0.35,,0.19,-0.01,-0.62,0.68,,,-0.12,-0.3,,0.248,0.635,0.449,0.552,0.856,0.7759999999999999,0.52,23.6,-2.7,97,104,97,98,95,93,97,0.97,106,95,94,98,102,101,109,99,97,89.4,10.5,314,0.076,119.6,1675,0.40399999999999997,4148,0.17600000000000002,0.27699999999999997,,,,21.8
28,2021,STL,28,2384,5351,6001,1303,822,261,22,198,706,678,478,32,1341,86,44,40,99,89,22,0.244,1632,1567,827,154,23222,8235,14987,117,67,10,0.08,0.223,0.36,0.313,0.412,0.725,0.168,0.287,1.04,0.205,0.405,0.389,0.098,0.126,0.07200000000000001,0.149,0.312,-18.2,708,-36.9,40.6,187.5,34.4,249.9,25.1,$200.5,4.5,95,1.27,-94.78,96.05,11.8,1.39,0.89,0.88,256,2.85,-1.43,0.516,93.4,0.207,84.9,0.048,89.3,0.10800000000000001,79.4,0.11,85.2,0.011000000000000001,85.5,,,0.005,,-15.8,-7.7,1.4,3.1,16.1,-2.5,,-0.13,-0.16,0.12,0.13,0.63,-0.94,,0.315,0.682,0.47,0.642,0.8440000000000001,0.7659999999999999,0.423,0.602,0.11,10.6,0.34,,0.057,0.012,,0.17300000000000001,0.195,0.087,0.027000000000000003,0.001,0.10800000000000001,,,,93.6,,89.4,85.3,,92.9,84.9,79.2,80.2,51.2,85.2,,,-2.5,,0.7,-5.8,,-5.8,1.9,3.1,2.7,4.6,-3.9,,,9.1,,4.5,2.7,,5.4,1.0,-5.0,-5.5,9.3,3.6,,,-21.2,,-1.6,-2.6,,-1.2,-8.2,3.5,-3.5,-0.6,11.8,,,-0.27,,-0.12,-0.91,,-0.03,-0.18,0.17,-0.55,-3.8,0.47,,,0.271,0.66,0.47,0.5760000000000001,0.84,0.765,0.512,23.1,74.9,3.9,5.5,22 - 39,-26.2,13.7,2.3,0.42,0.34299999999999997,0.237,0.16,0.517,0.32299999999999995,0.336,0.109,0.0,0.10800000000000001,0.349,0.055999999999999994,0.012,,,0.16699999999999998,0.198,0.0,85.4,76.4,79.7,93.9,89.1,85.6,,,93.2,85.2,87.4,-3.7,8.3,3.0,-2.1,1.2,-5.4,,,-5.8,2.4,-0.6,2.1,-11.5,-7.0,8.0,3.1,1.4,,,3.9,-0.4,1.3,13.0,1.3,5.7,-25.8,-1.6,-4.2,,,5.8,-17.0,0.0,0.51,31.81,0.23,-0.32,-0.12,-1.49,,,0.15,-0.37,-0.86,0.276,0.648,0.47,0.578,0.838,0.765,0.522,23.1,-7.9,98,87,100,96,98,98,97,0.98,95,107,92,104,98,96,98,102,98,88.7,14.0,323,0.079,115.0,1523,0.37200000000000005,4096,0.172,0.282,,,,24.4
17,2021,CHC,29,2475,5306,5972,1255,794,225,26,210,705,672,502,17,1596,92,30,40,133,86,37,0.237,1648,1342,725,142,23541,8505,15036,108,64,8,0.084,0.267,0.31,0.312,0.407,0.719,0.171,0.296,1.23,0.195,0.444,0.361,0.106,0.156,0.066,0.125,0.311,-19.7,703,-48.3,4.2,186.6,31.8,185.2,18.6,$148.6,4.5,94,-5.52,-108.8,103.28,-23.7,-2.4,0.99,1.24,306,-4.75,-0.81,0.512,93.7,0.209,84.6,0.066,88.5,0.086,79.2,0.11,85.0,0.017,85.1,,,0.003,,15.0,-38.6,0.1,4.1,2.4,-13.4,,0.12,-0.78,0.01,0.2,0.09,-3.35,,0.316,0.672,0.465,0.583,0.836,0.736,0.418,0.606,0.12300000000000001,-2.7,0.373,,0.073,0.016,,0.138,0.201,0.073,0.015,,0.111,,,,93.8,,88.5,85.3,,93.1,84.6,78.6,80.7,,85.0,,,-2.4,,0.4,-6.0,,-3.7,1.7,3.1,3.2,,-2.5,,,9.4,,4.8,3.3,,5.4,1.2,-5.6,-6.4,,3.8,,,6.2,,-11.6,-14.0,,2.9,-30.5,-3.4,5.1,,-4.5,,,0.07,,-0.68,-3.69,,0.09,-0.64,-0.2,1.44,,-0.17,,,0.27399999999999997,0.652,0.465,0.503,0.83,0.7340000000000001,0.504,24.0,36.0,-3.0,1.9,24 - 37,-51.0,13.6,-7.5,0.408,0.35100000000000003,0.24100000000000002,0.171,0.508,0.322,0.386,0.11199999999999999,0.0,0.085,0.384,0.07200000000000001,0.016,,,0.128,0.20199999999999999,0.001,85.1,74.8,79.3,94.1,88.3,85.6,,,93.2,84.7,89.5,-2.3,6.8,3.2,-2.1,0.5,-5.5,,,-3.9,2.1,-1.2,2.3,-9.1,-7.7,8.2,3.8,1.9,,,3.8,-0.3,3.2,-1.7,0.3,-0.6,3.4,-8.5,-13.4,,,-2.2,-30.8,0.2,-0.07,3.35,-0.03,0.04,-0.5,-3.6,,,-0.07,-0.64,1.12,0.278,0.643,0.465,0.506,0.828,0.7340000000000001,0.512,24.0,-4.3,95,92,120,96,97,100,101,0.93,104,99,114,101,100,98,104,100,98,88.7,11.7,299,0.079,116.7,1460,0.386,3782,0.16899999999999998,0.292,,,,17.3
23,2021,MIL,28,2403,5362,6099,1251,784,255,18,194,738,700,586,26,1465,88,35,25,102,82,21,0.233,1690,1405,816,130,24078,8858,15220,116,46,9,0.096,0.24,0.4,0.317,0.396,0.713,0.163,0.283,1.2,0.209,0.43200000000000005,0.359,0.09300000000000001,0.138,0.069,0.196,0.31,-24.2,714,-62.4,-1.6,190.6,35.7,179.0,17.9,$143.6,4.4,92,-2.91,-105.84,102.93,2.72,0.31,0.98,1.27,292,-4.38,1.41,0.519,93.3,0.195,84.9,0.057,88.2,0.10800000000000001,78.8,0.10400000000000001,85.1,0.016,85.4,0.0,61.0,0.004,,25.8,-39.4,-5.2,-9.3,8.0,0.8,0.9,0.21,-0.84,-0.37,-0.36,0.32,0.22,17.74,0.302,0.68,0.461,0.603,0.841,0.7509999999999999,0.42200000000000004,0.596,0.115,2.8,0.36700000000000005,,0.057999999999999996,0.013999999999999999,,0.153,0.19,0.091,0.02,0.0,0.107,,,,93.7,,88.2,85.4,,92.5,84.8,78.3,80.1,60.7,85.0,,,-2.3,,0.5,-4.2,,-4.5,1.4,3.4,3.7,-4.0,-4.4,,,9.2,,4.6,2.7,,5.4,1.2,-5.4,-6.1,4.8,3.8,,,13.5,,-12.3,-1.2,,3.3,-35.4,-9.3,-0.1,1.3,6.2,,,0.15,,-0.87,-0.35,,0.09,-0.78,-0.42,-0.03,13.3,0.24,,,0.261,0.6559999999999999,0.462,0.524,0.8370000000000001,0.75,0.508,23.8,34.1,2.7,3.2,22 - 38,-59.6,13.9,2.6,0.402,0.354,0.244,0.166,0.512,0.32299999999999995,0.368,0.105,0.0,0.111,0.373,0.057999999999999996,0.015,,,0.147,0.18899999999999997,0.001,84.9,76.0,78.8,93.6,87.8,85.6,,,92.5,84.9,91.4,-4.2,7.0,3.7,-2.0,1.2,-4.3,,,-4.5,1.6,-2.4,2.3,-10.0,-7.3,8.2,3.3,1.4,,,4.0,-0.2,3.7,5.8,0.2,-11.4,8.7,-14.1,1.7,,,8.1,-32.9,-0.3,0.23,3.4,-0.43,0.1,-1.0,0.47,,,0.23,-0.72,-1.65,0.267,0.647,0.461,0.531,0.8370000000000001,0.75,0.512,23.8,12.5,94,105,108,97,94,95,96,1.0,101,99,101,100,101,99,101,101,98,88.4,12.5,299,0.076,116.7,1512,0.382,3960,0.168,0.28300000000000003,,,,18.7
1,2021,LAA,29,2325,5437,6016,1331,853,265,23,190,723,691,464,35,1394,59,25,30,107,79,26,0.245,1734,1427,865,151,23027,8001,15026,121,72,18,0.077,0.23199999999999998,0.33,0.31,0.407,0.717,0.162,0.294,1.22,0.215,0.431,0.354,0.106,0.133,0.07,0.25,0.308,-29.1,699,-50.9,-25.2,188.0,-11.8,121.6,12.2,$97.5,4.6,93,-3.52,-100.56,97.04,-14.45,-1.61,0.93,1.5,74,-2.49,-1.32,0.516,93.5,0.21100000000000002,84.1,0.057999999999999996,87.9,0.092,79.8,0.10800000000000001,84.4,0.013999999999999999,86.0,,,0.005,,-33.4,2.7,6.6,-8.9,1.5,-3.5,,-0.28,0.06,0.5,-0.42,0.06,-1.09,,0.33399999999999996,0.674,0.478,0.644,0.8540000000000001,0.77,0.424,0.615,0.11,3.3,0.349,,0.065,0.013999999999999999,,0.166,0.203,0.073,0.022000000000000002,0.0,0.10800000000000001,,,,93.6,,88.3,85.8,,93.1,84.0,79.1,81.5,45.9,84.3,,,-1.9,,0.8,-6.7,,-2.2,1.7,1.5,3.9,-3.9,-0.5,,,9.9,,4.8,2.7,,5.4,1.3,-5.1,-6.3,9.3,4.4,,,-33.6,,2.2,-4.5,,-12.4,-9.2,5.3,-8.4,-0.4,-1.0,,,-0.42,,0.15,-1.37,,-0.33,-0.2,0.31,-1.68,-8.56,-0.04,,,0.295,0.655,0.478,0.585,0.8490000000000001,0.769,0.509,23.7,-37.0,0.3,4.4,21 - 41,-47.6,18.1,2.1,0.402,0.34299999999999997,0.255,0.171,0.525,0.304,0.34,0.10800000000000001,0.0,0.09300000000000001,0.35100000000000003,0.059000000000000004,0.013999999999999999,,0.0,0.165,0.21100000000000002,0.0,84.4,61.0,79.8,93.7,88.0,85.8,,77.0,93.1,84.1,93.3,-0.5,6.5,2.4,-1.7,0.7,-6.3,,9.8,-2.0,1.9,-7.0,2.8,-8.8,-7.2,8.6,3.5,0.9,,-2.1,4.0,-0.1,7.2,1.6,0.0,-5.7,-31.6,3.2,-6.2,,0.0,-16.6,-6.6,0.0,0.06,-1.87,-0.27,-0.39,0.24,-1.97,,2.85,-0.44,-0.14,-4.11,0.295,0.648,0.478,0.58,0.8490000000000001,0.769,0.518,23.7,3.9,100,91,101,98,98,95,101,1.05,102,96,98,100,99,102,105,102,95,87.9,12.3,319,0.078,119.0,1433,0.35,4099,0.172,0.282,,,,11.6
25,2021,NYM,29,2419,5210,5856,1243,821,228,18,176,636,604,495,25,1392,94,23,34,123,54,26,0.239,1673,1332,800,135,22385,7982,14403,127,70,13,0.085,0.23800000000000002,0.36,0.315,0.391,0.705,0.152,0.291,1.26,0.21,0.44,0.35,0.10099999999999999,0.132,0.076,0.18600000000000003,0.307,-39.2,670,-41.4,20.3,183.0,33.2,196.6,19.7,$157.7,3.7,94,-7.43,-116.92,109.49,-17.24,-1.58,1.11,1.55,292,-2.85,-3.83,0.519,93.7,0.17800000000000002,84.6,0.071,88.6,0.10400000000000001,79.1,0.11699999999999999,85.2,0.011000000000000001,85.4,,,0.004,,-6.5,-5.5,-12.7,-15.5,-12.6,5.4,,-0.06,-0.14,-0.8,-0.66,-0.48,2.18,,0.336,0.715,0.493,0.614,0.841,0.7509999999999999,0.415,0.611,0.12300000000000001,-11.8,0.35100000000000003,,0.077,0.01,,0.16699999999999998,0.17,0.084,0.022000000000000002,,0.11800000000000001,,,,93.8,,88.8,85.2,,93.3,84.4,78.8,80.2,,85.2,,,-1.8,,0.4,-4.4,,-3.7,1.2,3.3,3.6,,-2.8,,,9.3,,4.7,2.5,,5.8,1.1,-5.5,-5.3,,4.1,,,-5.0,,-23.0,5.9,,-12.8,-2.8,-14.7,1.7,,-18.0,,,-0.06,,-1.33,2.62,,-0.34,-0.07,-0.78,0.33,,-0.68,,,0.289,0.6940000000000001,0.493,0.539,0.8370000000000001,0.75,0.503,24.6,53.4,-4.8,-9.0,23 - 41,-53.2,13.3,0.3,0.395,0.34700000000000003,0.258,0.17,0.511,0.319,0.35200000000000004,0.115,0.0,0.10400000000000001,0.359,0.066,0.012,,,0.16,0.184,0.0,85.2,66.2,79.3,93.8,88.7,85.5,,,93.4,84.6,76.3,-2.5,8.4,3.4,-1.5,0.9,-4.3,,,-3.7,1.5,-0.5,2.7,-12.2,-7.1,8.3,3.8,1.3,,,4.3,-0.2,3.3,-13.7,0.0,-18.7,-10.1,-16.0,2.1,,,-8.2,-4.1,0.0,-0.53,4.02,-0.8,-0.13,-1.09,0.78,,,-0.23,-0.1,3.58,0.295,0.684,0.493,0.544,0.836,0.75,0.509,24.6,2.2,96,92,107,96,93,89,99,1.0,103,96,97,98,99,104,104,101,97,88.4,11.9,282,0.073,118.4,1466,0.37799999999999995,3875,0.147,0.27,,,,20.6
5,2021,CLE,27,2300,5332,5907,1269,796,248,22,203,717,686,453,18,1387,64,36,20,105,109,17,0.238,1720,1441,790,157,23079,8262,14817,124,50,13,0.077,0.235,0.33,0.303,0.407,0.71,0.169,0.282,1.19,0.2,0.435,0.365,0.109,0.141,0.07200000000000001,0.26,0.306,-40.3,675,-33.4,16.8,184.6,-14.6,186.6,18.7,$149.7,5.2,95,-4.71,-104.52,99.82,-17.55,-1.75,0.96,1.11,89,-4.25,-0.66,0.496,93.5,0.21899999999999997,84.3,0.06,88.0,0.086,79.0,0.124,84.3,0.015,85.7,,,0.003,,-2.9,-16.3,-15.0,-3.3,1.6,1.7,,-0.03,-0.32,-1.08,-0.17,0.06,0.47,,0.322,0.688,0.475,0.622,0.8420000000000001,0.755,0.41700000000000004,0.595,0.11599999999999999,15.5,0.342,,0.068,0.016,,0.153,0.212,0.065,0.021,,0.124,,,,93.7,,88.0,85.0,,93.0,84.2,78.2,80.8,,84.5,,,-1.5,,0.7,-5.2,,-2.9,1.4,2.0,2.3,,-1.5,,,9.5,,4.6,2.8,,5.5,0.8,-5.3,-5.3,,4.4,,,10.5,,-20.5,-0.6,,-21.6,-10.7,-10.5,-0.6,,-2.7,,,0.13,,-1.31,-0.16,,-0.61,-0.22,-0.71,-0.11,,-0.1,,,0.287,0.66,0.475,0.5539999999999999,0.84,0.754,0.504,22.7,2.2,10.2,-1.0,22 - 39,-18.0,17.8,-1.8,0.4,0.349,0.251,0.16399999999999998,0.516,0.32,0.34600000000000003,0.12300000000000001,0.0,0.08199999999999999,0.35,0.067,0.015,,,0.14400000000000002,0.218,0.0,84.5,74.4,79.0,93.8,88.2,85.3,,,93.2,84.4,86.8,-1.6,6.2,2.3,-1.2,0.5,-5.1,,,-3.3,1.6,-3.2,3.0,-8.6,-7.3,8.4,3.6,1.3,,,4.1,-0.4,10.8,-3.4,-0.2,-8.3,7.3,-14.8,-1.2,,,-17.4,-18.6,0.0,-0.12,-3.03,-0.44,0.09,-0.97,-0.36,,,-0.52,-0.37,3.58,0.289,0.653,0.475,0.557,0.838,0.754,0.51,22.7,2.2,97,90,103,96,98,100,97,0.97,103,98,103,99,100,100,100,100,100,88.9,12.1,307,0.077,114.9,1532,0.38299999999999995,4003,0.165,0.281,,,,18.0
6,2021,DET,28,2341,5376,5979,1299,847,236,37,179,697,675,490,8,1514,44,50,17,113,88,25,0.242,1618,1397,879,145,23733,8409,15324,99,35,6,0.08199999999999999,0.253,0.32,0.308,0.399,0.707,0.158,0.3,1.16,0.226,0.41600000000000004,0.359,0.10400000000000001,0.128,0.061,0.171,0.306,-43.1,681,-53.2,-29.2,186.9,-16.1,113.2,11.4,$90.8,4.9,93,-8.51,-112.39,103.89,-47.17,-4.85,1.02,1.82,72,-7.45,-0.91,0.511,93.5,0.191,84.5,0.057,89.0,0.098,79.5,0.125,84.2,0.018000000000000002,86.6,,,0.001,,-21.6,-37.9,0.3,0.2,10.0,0.7,,-0.18,-0.84,0.03,0.01,0.34,0.17,,0.32799999999999996,0.693,0.48100000000000004,0.609,0.8320000000000001,0.7440000000000001,0.42,0.611,0.12300000000000001,6.9,0.381,,0.07400000000000001,0.019,,0.125,0.17800000000000002,0.075,0.023,0.0,0.125,,,,93.6,,89.3,85.7,,92.6,84.3,78.8,81.4,51.5,84.3,,,-1.8,,1.0,-5.7,,-3.2,1.5,2.5,2.4,1.1,-1.0,,,9.5,,4.5,2.3,,5.5,1.0,-5.4,-6.4,10.4,4.5,,,-6.6,,-7.1,-0.4,,-24.5,-32.2,3.1,-7.3,0.0,10.3,,,-0.07,,-0.4,-0.09,,-0.83,-0.76,0.18,-1.33,-4.87,0.35,,,0.28800000000000003,0.6729999999999999,0.48200000000000004,0.55,0.8240000000000001,0.743,0.503,23.8,-45.3,2.4,0.5,22 - 38,-46.3,18.0,-1.7,0.391,0.341,0.267,0.165,0.528,0.307,0.365,0.122,0.0,0.095,0.389,0.066,0.02,,,0.12300000000000001,0.185,0.0,84.4,71.3,79.6,93.8,88.8,85.6,,,92.8,84.4,89.5,-1.0,6.4,2.6,-1.6,1.2,-5.6,,,-3.5,1.7,2.2,3.1,-7.7,-7.4,8.4,3.3,1.0,,,4.2,-0.4,1.8,8.9,0.1,-2.7,-3.1,-0.4,-1.8,,,-26.3,-40.0,0.1,0.31,1.32,-0.12,-0.03,-0.03,-0.37,,,-0.9,-0.91,1.07,0.295,0.659,0.48200000000000004,0.552,0.8240000000000001,0.743,0.513,23.8,-13.0,98,97,111,97,96,93,103,1.1,98,97,94,97,98,107,101,103,95,88.4,13.3,302,0.077,117.1,1494,0.38,3931,0.162,0.285,,,,9.5
2,2021,BAL,27,2376,5420,5983,1296,820,266,15,195,659,632,451,12,1454,65,31,14,105,54,23,0.239,1652,1511,809,187,23610,8280,15330,109,39,9,0.075,0.243,0.31,0.304,0.402,0.705,0.163,0.29,1.09,0.204,0.41600000000000004,0.38,0.124,0.129,0.066,0.231,0.305,-46.6,678,-69.3,-53.2,187.0,-14.5,61.2,6.1,$49.1,3.7,91,-13.15,-105.62,92.47,-95.85,-9.46,0.94,1.56,85,-9.7,-4.32,0.499,93.8,0.19699999999999998,84.3,0.07200000000000001,87.5,0.10099999999999999,79.3,0.11199999999999999,84.4,0.018000000000000002,87.0,,,0.002,,-19.5,-14.5,13.7,-18.2,-13.4,-3.0,,-0.17,-0.31,0.8,-0.76,-0.51,-0.69,,0.337,0.688,0.484,0.623,0.8390000000000001,0.752,0.418,0.615,0.12,-6.7,0.344,,0.08,0.016,,0.154,0.188,0.084,0.021,,0.114,,,,93.8,,87.9,86.9,,93.4,84.3,78.7,80.1,,84.5,,,-1.4,,0.5,-6.2,,-2.8,1.8,1.6,3.1,,0.9,,,9.6,,4.5,2.7,,5.6,0.9,-4.7,-6.8,,4.3,,,-25.6,,7.6,-9.0,,-3.3,-16.7,-15.8,-2.6,,-10.7,,,-0.32,,0.4,-2.42,,-0.09,-0.38,-0.8,-0.54,,-0.4,,,0.299,0.665,0.484,0.556,0.8370000000000001,0.7509999999999999,0.504,23.5,-67.7,-3.4,-2.6,23 - 36,-76.0,18.0,-0.2,0.402,0.335,0.264,0.185,0.511,0.304,0.35100000000000003,0.113,0.0,0.09699999999999999,0.348,0.07400000000000001,0.017,,,0.153,0.198,0.001,84.5,66.8,79.1,93.9,87.4,86.8,,,93.4,84.2,87.0,0.9,-11.1,2.1,-1.3,0.4,-6.1,,,-2.7,2.1,-5.1,2.7,-11.5,-7.3,8.4,3.3,1.3,,,4.2,-0.6,4.0,-14.7,0.0,-13.2,-23.4,8.6,-4.9,,,-5.3,-23.2,-0.1,-0.55,2.85,-0.57,-0.28,0.5,-1.25,,,-0.15,-0.5,-0.79,0.302,0.6579999999999999,0.484,0.556,0.8370000000000001,0.7509999999999999,0.51,23.5,-21.3,97,89,106,96,97,96,99,0.99,98,103,95,100,96,105,113,99,95,88.3,13.3,306,0.076,114.6,1472,0.36700000000000005,4013,0.163,0.28300000000000003,,,,6.7
7,2021,KCR,28,2368,5427,5993,1349,906,251,29,163,686,647,421,8,1258,55,52,31,100,124,33,0.249,1806,1502,869,135,22754,8035,14719,124,74,18,0.07,0.21,0.33,0.306,0.396,0.702,0.147,0.292,1.2,0.20800000000000002,0.43200000000000005,0.36,0.09,0.109,0.069,0.243,0.304,-53.9,672,-91.8,14.7,187.3,-14.9,120.2,12.1,$96.4,5.0,88,-4.26,-104.23,99.97,-68.19,-6.79,0.95,1.3,80,-7.15,2.67,0.495,93.6,0.221,84.9,0.054000000000000006,88.6,0.09699999999999999,79.6,0.11199999999999999,84.4,0.019,85.7,0.0,43.7,0.001,,-8.6,-17.5,-3.4,-16.3,1.5,5.2,-0.2,-0.08,-0.35,-0.27,-0.74,0.06,1.17,-2.74,0.345,0.721,0.5,0.624,0.86,0.764,0.41200000000000003,0.613,0.11800000000000001,6.8,0.35200000000000004,,0.069,0.02,,0.14,0.212,0.068,0.026000000000000002,0.0,0.11199999999999999,,,,93.6,,89.2,85.3,,93.0,84.6,79.0,80.6,43.6,84.5,,,-1.8,,0.9,-5.7,,-2.6,1.3,2.1,2.2,-2.4,-1.8,,,9.7,,4.4,2.7,,5.2,1.1,-5.6,-6.2,3.9,4.4,,,-19.0,,-2.6,3.9,,-8.2,-22.1,-6.0,-11.9,-0.2,-2.4,,,-0.24,,-0.17,0.86,,-0.26,-0.46,-0.39,-2.0,-2.74,-0.09,,,0.298,0.701,0.5,0.5539999999999999,0.852,0.763,0.501,23.8,-0.2,6.3,5.4,21 - 38,-85.0,18.0,1.5,0.41200000000000003,0.35100000000000003,0.237,0.146,0.529,0.325,0.307,0.11,0.0,0.09300000000000001,0.36,0.065,0.021,,,0.134,0.21600000000000003,0.0,84.5,73.0,79.5,93.7,88.5,85.2,,,93.1,84.8,92.7,-1.6,6.9,2.5,-1.5,0.8,-5.6,,,-2.7,1.6,10.4,3.0,-9.5,-7.6,8.5,3.3,1.4,,,3.8,-0.3,15.8,-3.3,0.0,-19.3,-24.7,-2.1,4.2,,,-5.7,-20.9,-0.2,-0.13,0.68,-0.9,-0.3,-0.14,0.87,,,-0.19,-0.42,-4.16,0.302,0.695,0.5,0.556,0.852,0.764,0.505,23.8,-17.3,101,83,92,97,95,87,100,1.01,102,97,80,102,101,95,89,103,101,89.2,12.7,295,0.069,115.1,1655,0.389,4259,0.14400000000000002,0.261,,,,12.8
15,2021,ARI,28,2449,5489,6144,1297,814,308,31,144,679,644,537,24,1465,54,28,32,99,43,16,0.236,1716,1463,839,155,24204,8669,15535,110,66,17,0.087,0.23800000000000002,0.37,0.309,0.382,0.692,0.146,0.295,1.17,0.209,0.42700000000000005,0.364,0.106,0.098,0.064,0.258,0.301,-73.0,671,-111.5,-14.6,192.0,34.9,109.9,11.0,$88.2,3.9,86,-11.72,-113.76,102.04,-69.11,-7.0,1.01,1.18,336,-8.91,-2.68,0.511,93.6,0.19399999999999998,84.7,0.07,89.5,0.09,79.5,0.11900000000000001,85.3,0.016,84.5,,,0.003,,-24.0,-38.4,-10.3,-8.5,18.1,0.3,,-0.19,-0.82,-0.61,-0.39,0.63,0.09,,0.306,0.667,0.462,0.617,0.846,0.76,0.434,0.602,0.111,-4.8,0.371,,0.065,0.018000000000000002,,0.139,0.196,0.073,0.022000000000000002,,0.11599999999999999,,,,93.9,,89.9,84.9,,92.6,84.8,78.8,81.8,,85.3,,,-2.1,,0.8,-6.2,,-2.3,1.5,2.5,3.3,,-3.7,,,9.3,,5.6,3.2,,5.3,1.2,-4.9,-5.9,,3.7,,,-27.6,,-18.1,-3.8,,-5.5,-41.7,-8.2,-1.5,,17.9,,,-0.31,,-1.15,-0.89,,-0.16,-0.88,-0.47,-0.28,,0.64,,,0.266,0.6459999999999999,0.462,0.546,0.841,0.759,0.517,23.9,20.3,-2.8,6.7,21 - 37,-116.3,14.0,2.7,0.40399999999999997,0.341,0.256,0.165,0.511,0.324,0.349,0.11699999999999999,,0.09300000000000001,0.377,0.064,0.018000000000000002,,,0.132,0.19899999999999998,0.0,85.3,,79.6,94.0,89.9,84.7,,,92.6,84.8,88.7,-3.5,,2.7,-1.9,1.2,-5.6,,,-2.1,1.9,2.9,2.2,,-7.0,8.1,4.4,1.7,,,3.8,-0.2,3.6,13.6,,-9.8,-28.9,-16.6,-1.5,,,-5.3,-40.7,0.3,0.48,,-0.44,-0.32,-1.07,-0.34,,,-0.16,-0.85,2.84,0.272,0.634,0.462,0.546,0.8420000000000001,0.76,0.526,23.9,-2.7,95,95,107,95,91,85,100,1.0,100,100,72,100,97,104,101,101,99,87.7,12.9,230,0.055999999999999994,116.0,1456,0.35600000000000004,4088,0.17600000000000002,0.287,,,,11.9
11,2021,SEA,28,2360,5355,6010,1209,766,233,11,199,697,673,535,8,1492,72,36,9,92,64,24,0.226,1611,1523,744,179,24050,8775,15275,104,30,11,0.08900000000000001,0.248,0.36,0.303,0.385,0.688,0.159,0.273,1.06,0.192,0.415,0.39299999999999996,0.11800000000000001,0.131,0.065,0.36700000000000005,0.3,-72.9,655,-50.3,-25.3,187.8,-15.4,107.1,10.7,$85.9,3.8,93,2.78,-105.27,108.05,-10.96,-1.16,0.98,1.51,101,-5.88,8.71,0.501,93.2,0.198,83.8,0.052000000000000005,87.9,0.10300000000000001,79.5,0.13,84.7,0.017,86.8,,,0.001,,-28.4,-28.2,12.6,-4.1,-17.9,-5.9,,-0.24,-0.59,1.01,-0.17,-0.57,-1.48,,0.305,0.684,0.466,0.61,0.8390000000000001,0.753,0.425,0.596,0.115,-7.8,0.354,,0.057999999999999996,0.027000000000000003,,0.145,0.187,0.087,0.023,,0.11900000000000001,,,,93.4,,88.3,86.1,,92.7,83.8,78.6,82.5,,84.6,,,-1.4,,0.7,-6.1,,-1.9,1.0,1.2,3.6,,-1.6,,,9.6,,5.0,2.5,,5.2,1.3,-4.8,-5.7,,4.4,,,-10.3,,18.6,-2.8,,-26.0,-35.2,-7.3,-2.6,,-22.9,,,-0.12,,1.33,-0.43,,-0.75,-0.78,-0.35,-0.47,,-0.8,,,0.263,0.657,0.466,0.536,0.833,0.752,0.515,23.9,-40.8,-1.9,-7.8,21 - 37,-58.1,18.1,2.6,0.40299999999999997,0.359,0.23800000000000002,0.191,0.502,0.307,0.37,0.12,0.0,0.11,0.348,0.057999999999999996,0.026000000000000002,,,0.151,0.187,,84.7,74.7,79.5,93.6,88.1,86.4,,,92.7,84.1,,-1.7,5.3,1.8,-1.3,0.5,-6.4,,,-2.0,1.1,,2.9,-9.1,-6.7,8.4,3.6,0.9,,,4.1,-0.2,,-21.7,0.1,-11.4,-9.4,10.5,-2.5,,,-26.1,-29.1,,-0.76,3.58,-0.43,-0.11,0.75,-0.4,,,-0.72,-0.65,,0.268,0.649,0.466,0.5329999999999999,0.836,0.752,0.52,23.9,-4.8,92,105,109,96,93,94,94,0.94,98,106,96,100,103,95,117,98,95,87.9,14.0,322,0.08199999999999999,114.1,1450,0.371,3911,0.168,0.28300000000000003,,,,12.1
27,2021,PIT,27,2393,5336,5983,1261,862,240,35,124,609,570,529,24,1328,49,37,31,102,60,30,0.236,1812,1349,842,103,22994,8341,14653,128,72,18,0.08800000000000001,0.222,0.4,0.309,0.364,0.673,0.128,0.29,1.34,0.21,0.45299999999999996,0.337,0.076,0.092,0.071,0.25,0.294,-103.4,621,-149.4,-8.0,187.0,31.2,71.7,7.2,$57.5,4.2,80,-9.76,-109.87,100.11,-107.74,-10.46,1.03,1.19,289,-12.44,2.99,0.516,93.0,0.18899999999999997,84.3,0.062,88.5,0.098,78.7,0.11599999999999999,84.6,0.02,84.8,,,0.004,,-54.1,-29.2,6.8,-15.1,-4.8,-6.4,,-0.46,-0.67,0.48,-0.67,-0.18,-1.42,,0.303,0.684,0.465,0.614,0.87,0.774,0.424,0.619,0.105,-2.6,0.344,,0.062,0.017,,0.171,0.187,0.07400000000000001,0.027000000000000003,,0.11900000000000001,,,,93.4,,88.5,84.8,,92.4,84.2,78.1,80.2,,84.6,,,-2.3,,0.4,-6.9,,-3.4,1.2,3.3,2.7,,-3.4,,,9.2,,4.8,3.5,,5.6,1.2,-5.4,-5.2,,3.9,,,-42.5,,4.7,-4.4,,-26.4,-24.2,-2.1,-16.8,,-8.9,,,-0.54,,0.33,-1.1,,-0.67,-0.56,-0.12,-2.75,,-0.33,,,0.259,0.6609999999999999,0.465,0.531,0.8640000000000001,0.773,0.511,23.1,23.2,-5.4,-2.7,21 - 35,-152.1,13.6,4.2,0.377,0.371,0.253,0.183,0.524,0.293,0.331,0.11900000000000001,,0.094,0.35100000000000003,0.068,0.017,,,0.162,0.188,0.0,84.8,,78.8,93.6,88.5,85.1,,,92.5,84.5,97.9,-3.3,,3.4,-1.9,0.4,-6.5,,,-3.6,1.5,-7.6,2.5,,-7.3,8.1,3.7,2.3,,,4.1,-0.3,5.9,-10.4,,-11.4,-35.9,6.6,-3.8,,,-32.2,-32.6,0.0,-0.38,,-0.52,-0.44,0.42,-0.98,,,-0.86,-0.75,0.2,0.265,0.6509999999999999,0.465,0.531,0.865,0.773,0.518,23.1,7.2,95,96,100,95,87,75,98,1.01,106,93,67,94,106,103,111,103,89,87.5,10.3,219,0.054000000000000006,118.2,1385,0.34,4077,0.16899999999999998,0.27399999999999997,,,,6.3
20,2021,MIA,27,2436,5348,5928,1244,837,226,23,158,623,594,450,25,1553,65,30,30,95,106,29,0.233,1732,1303,761,144,23267,8080,15187,119,60,10,0.076,0.262,0.29,0.298,0.372,0.671,0.139,0.296,1.33,0.2,0.456,0.34299999999999997,0.111,0.121,0.069,0.16699999999999998,0.291,-116.0,602,-154.7,0.9,185.3,33.5,88.8,8.9,$71.3,4.7,80,-12.08,-113.44,101.37,-73.75,-7.49,1.04,1.27,270,-12.32,0.69,0.514,93.5,0.207,84.5,0.059000000000000004,88.1,0.10800000000000001,78.8,0.096,84.9,0.016,85.9,,,0.004,,-61.2,-28.8,-3.5,-5.0,-6.5,-5.0,,-0.51,-0.6,-0.26,-0.2,-0.29,-1.33,,0.34299999999999997,0.6729999999999999,0.48100000000000004,0.604,0.84,0.742,0.418,0.601,0.124,10.4,0.344,,0.065,0.018000000000000002,,0.168,0.193,0.095,0.022000000000000002,,0.094,,,,93.7,,88.4,85.9,,93.0,84.5,78.4,80.3,,84.9,,,-2.0,,0.7,-5.8,,-3.8,1.7,2.7,3.0,,-3.3,,,9.6,,4.7,2.1,,5.4,1.2,-5.2,-5.5,,4.0,,,-47.1,,-7.2,-4.7,,-22.6,-27.0,-10.7,0.1,,-9.4,,,-0.59,,-0.47,-1.13,,-0.58,-0.6,-0.49,0.03,,-0.43,,,0.304,0.654,0.48100000000000004,0.541,0.8320000000000001,0.741,0.505,23.9,34.4,4.5,-3.8,21 - 35,-144.3,13.5,-0.3,0.379,0.348,0.273,0.184,0.516,0.301,0.365,0.094,,0.109,0.35700000000000004,0.057,0.017,,,0.157,0.20800000000000002,,84.9,,78.8,93.7,88.3,86.3,,,93.0,84.6,,-3.2,,2.6,-1.8,0.8,-5.9,,,-4.1,2.1,,2.3,,-7.3,8.4,3.8,1.1,,,3.7,-0.3,,-7.0,,-7.3,-52.9,-9.4,-6.8,,,-20.8,-24.2,,-0.32,,-0.29,-0.64,-0.71,-1.7,,,-0.57,-0.5,,0.307,0.647,0.48100000000000004,0.5379999999999999,0.8340000000000001,0.742,0.511,23.9,1.7,93,83,117,91,89,81,101,0.96,107,94,89,94,99,111,112,102,92,88.1,11.0,246,0.064,115.7,1430,0.37,3860,0.16699999999999998,0.29100000000000004,,,,9.8
13,2021,TEX,27,2252,5405,5943,1254,838,225,24,167,625,598,433,10,1381,58,31,16,113,106,29,0.232,1868,1395,764,129,22926,8045,14881,124,44,5,0.073,0.23199999999999998,0.31,0.294,0.375,0.67,0.143,0.28,1.34,0.19,0.46399999999999997,0.34600000000000003,0.092,0.12,0.066,0.114,0.291,-113.9,606,-123.8,45.5,185.7,-14.6,119.1,11.9,$95.5,4.7,83,-16.28,-109.97,93.7,-117.17,-11.73,0.98,1.48,88,-14.8,-1.77,0.527,93.2,0.18,84.1,0.063,88.2,0.091,78.9,0.122,84.2,0.016,86.8,,,0.002,,-41.3,-24.2,-12.0,-8.9,-22.1,-11.1,,-0.34,-0.58,-0.83,-0.42,-0.79,-2.96,,0.326,0.688,0.479,0.6409999999999999,0.8390000000000001,0.7609999999999999,0.42200000000000004,0.613,0.114,8.4,0.374,,0.069,0.021,,0.15,0.174,0.07200000000000001,0.022000000000000002,,0.11800000000000001,,,,93.2,,88.5,86.2,,92.9,84.1,78.1,81.0,,84.1,,,-1.5,,1.0,-6.1,,-2.5,1.4,1.6,1.7,,-0.6,,,9.6,,4.9,2.7,,5.3,1.4,-5.4,-5.9,,4.4,,,-27.9,,-9.9,-5.7,,-17.6,-34.1,-10.6,3.0,,-34.1,,,-0.33,,-0.63,-1.17,,-0.51,-0.86,-0.64,0.61,,-1.26,,,0.287,0.66,0.479,0.5720000000000001,0.838,0.76,0.514,23.5,30.9,4.5,-3.7,22 - 36,-115.4,17.9,-2.6,0.381,0.361,0.258,0.161,0.527,0.312,0.33299999999999996,0.11599999999999999,0.0,0.09,0.377,0.066,0.022000000000000002,,,0.149,0.179,0.0,84.4,70.1,79.0,93.5,88.6,86.4,,,93.2,84.3,96.1,-0.7,5.9,1.6,-1.4,0.9,-5.9,,,-2.5,1.7,-3.1,3.0,-9.0,-7.4,8.5,3.5,1.4,,,4.0,0.0,9.2,-32.6,1.1,-4.6,-31.9,-12.3,-4.6,,,-16.6,-34.8,0.0,-1.22,21.74,-0.22,-0.37,-0.82,-0.9,,,-0.49,-0.85,0.0,0.28800000000000003,0.654,0.479,0.5710000000000001,0.8370000000000001,0.76,0.52,23.5,16.7,94,86,102,93,90,84,96,0.92,109,93,88,95,104,103,99,102,97,87.9,10.9,270,0.066,115.1,1448,0.35600000000000004,4071,0.16899999999999998,0.28300000000000003,,,,11.8
