teamIDfg,Season,Team,Age,W,L,ERA,G,GS,CG,ShO,SV,BS,IP,TBF,H,R,ER,HR,BB,IBB,HBP,WP,BK,SO,GB,FB,LD,IFFB,Balls,Strikes,Pitches,RS,IFH,BU,BUH,K/9,BB/9,K/BB,H/9,HR/9,AVG,WHIP,BABIP,LOB%,FIP,GB/FB,LD%,GB%,FB%,IFFB%,HR/FB,IFH%,BUH%,Starting,Start-IP,Relieving,Relief-IP,RAR,WAR,Dollars,tERA,xFIP,WPA,-WPA,+WPA,RE24,REW,pLI,inLI,gmLI,exLI,Pulls,WPA/LI,Clutch,FB% 2,FBv,SL%,SLv,CT%,CTv,CB%,CBv,CH%,CHv,SF%,SFv,KN%,KNv,XX%,PO%,wFB,wSL,wCT,wCB,wCH,wSF,wKN,wFB/C,wSL/C,wCT/C,wCB/C,wCH/C,wSF/C,wKN/C,O-Swing%,Z-Swing%,Swing%,O-Contact%,Z-Contact%,Contact%,Zone%,F-Strike%,SwStr%,HLD,SD,MD,ERA-,FIP-,xFIP-,K%,BB%,SIERA,RS/9,E-F,FA% (sc),FT% (sc),FC% (sc),FS% (sc),FO% (sc),SI% (sc),SL% (sc),CU% (sc),KC% (sc),EP% (sc),CH% (sc),SC% (sc),KN% (sc),UN% (sc),vFA (sc),vFT (sc),vFC (sc),vFS (sc),vFO (sc),vSI (sc),vSL (sc),vCU (sc),vKC (sc),vEP (sc),vCH (sc),vSC (sc),vKN (sc),FA-X (sc),FT-X (sc),FC-X (sc),FS-X (sc),FO-X (sc),SI-X (sc),SL-X (sc),CU-X (sc),KC-X (sc),EP-X (sc),CH-X (sc),SC-X (sc),KN-X (sc),FA-Z (sc),FT-Z (sc),FC-Z (sc),FS-Z (sc),FO-Z (sc),SI-Z (sc),SL-Z (sc),CU-Z (sc),KC-Z (sc),EP-Z (sc),CH-Z (sc),SC-Z (sc),KN-Z (sc),wFA (sc),wFT (sc),wFC (sc),wFS (sc),wFO (sc),wSI (sc),wSL (sc),wCU (sc),wKC (sc),wEP (sc),wCH (sc),wSC (sc),wKN (sc),wFA/C (sc),wFT/C (sc),wFC/C (sc),wFS/C (sc),wFO/C (sc),wSI/C (sc),wSL/C (sc),wCU/C (sc),wKC/C (sc),wEP/C (sc),wCH/C (sc),wSC/C (sc),wKN/C (sc),O-Swing% (sc),Z-Swing% (sc),Swing% (sc),O-Contact% (sc),Z-Contact% (sc),Contact% (sc),Zone% (sc),Pace,RA9-WAR,BIP-Wins,LOB-Wins,FDP-Wins,Age Rng,K-BB%,Pull%,Cent%,Oppo%,Soft%,Med%,Hard%,kwERA,TTO%,CH% (pi),CS% (pi),CU% (pi),FA% (pi),FC% (pi),FS% (pi),KN% (pi),SB% (pi),SI% (pi),SL% (pi),XX% (pi),vCH (pi),vCS (pi),vCU (pi),vFA (pi),vFC (pi),vFS (pi),vKN (pi),vSB (pi),vSI (pi),vSL (pi),vXX (pi),CH-X (pi),CS-X (pi),CU-X (pi),FA-X (pi),FC-X (pi),FS-X (pi),KN-X (pi),SB-X (pi),SI-X (pi),SL-X (pi),XX-X (pi),CH-Z (pi),CS-Z (pi),CU-Z (pi),FA-Z (pi),FC-Z (pi),FS-Z (pi),KN-Z (pi),SB-Z (pi),SI-Z (pi),SL-Z (pi),XX-Z (pi),wCH (pi),wCS (pi),wCU (pi),wFA (pi),wFC (pi),wFS (pi),wKN (pi),wSB (pi),wSI (pi),wSL (pi),wXX (pi),wCH/C (pi),wCS/C (pi),wCU/C (pi),wFA/C (pi),wFC/C (pi),wFS/C (pi),wKN/C (pi),wSB/C (pi),wSI/C (pi),wSL/C (pi),wXX/C (pi),O-Swing% (pi),Z-Swing% (pi),Swing% (pi),O-Contact% (pi),Z-Contact% (pi),Contact% (pi),Zone% (pi),Pace (pi),FRM,K/9+,BB/9+,K/BB+,H/9+,HR/9+,AVG+,WHIP+,BABIP+,LOB%+,K%+,BB%+,LD%+,GB%+,FB%+,HR/FB%+,Pull%+,Cent%+,Oppo%+,Soft%+,Med%+,Hard%+,EV,LA,Barrels,Barrel%,maxEV,HardHit,HardHit%,Events,CStr%,CSW%,xERA,botERA,botOvr CH,botStf CH,botCmd CH,botOvr CU,botStf CU,botCmd CU,botOvr FA,botStf FA,botCmd FA,botOvr SI,botStf SI,botCmd SI,botOvr SL,botStf SL,botCmd SL,botOvr KC,botStf KC,botCmd KC,botOvr FC,botStf FC,botCmd FC,botOvr FS,botStf FS,botCmd FS,botOvr,botStf,botCmd,botxRV100,Stf+ CH,Loc+ CH,Pit+ CH,Stf+ CU,Loc+ CU,Pit+ CU,Stf+ FA,Loc+ FA,Pit+ FA,Stf+ SI,Loc+ SI,Pit+ SI,Stf+ SL,Loc+ SL,Pit+ SL,Stf+ KC,Loc+ KC,Pit+ KC,Stf+ FC,Loc+ FC,Pit+ FC,Stf+ FS,Loc+ FS,Pit+ FS,Stuff+,Location+,Pitching+,Stf+ FO,Loc+ FO,Pit+ FO
5,2017,CLE,29,102,60,3.3,659,162,7,3,37,10,1440.2,5866,1267,564,529,163,406,15,45,48,1,1614,1656,1257,843,129,8013,15009,23022,818,103,44,11,10.08,2.54,3.98,7.92,1.02,0.234,1.16,0.303,0.775,3.33,1.32,0.22399999999999998,0.441,0.335,0.10300000000000001,0.13,0.062,0.25,210.3,949.7,81.4,484.9,291.7,30.4,$242.8,3.92,3.41,21.76,-88.63,110.39,212.55,20.85,0.96,0.91,0.99,1.03,497,20.02,2.58,0.483,92.9,0.126,83.4,0.128,89.8,0.171,80.4,0.08900000000000001,86.4,0.002,85.6,,,0.002,,-4.4,52.1,23.2,63.0,37.3,0.1,,-0.04,1.79,0.78,1.6,1.81,0.29,,0.308,0.667,0.474,0.547,0.84,0.738,0.46299999999999997,0.624,0.124,87,130,54,72,75,77,0.275,0.069,3.44,5.11,-0.02,0.345,,0.132,,,0.13699999999999998,0.11800000000000001,0.113,0.064,,0.091,,,,93.3,,89.6,,,92.0,83.6,80.3,80.5,,86.3,,,-5.2,,1.2,,,-8.8,0.7,4.0,4.4,,-6.5,,,9.6,,5.3,,,5.9,1.8,-1.5,-7.3,,3.7,,,23.9,,21.2,,,-22.8,53.7,54.1,15.6,,39.6,,,0.3,,0.7,,,-0.72,1.99,2.08,1.06,,1.91,,,0.28600000000000003,0.65,0.474,0.502,0.8340000000000001,0.738,0.517,22.6,34.5,-2.1,6.3,4.1,25 - 36,0.20600000000000002,0.382,0.358,0.261,0.19399999999999998,0.502,0.304,3.46,0.37200000000000005,0.087,,0.14,0.37,0.127,0.002,0.0,,0.109,0.157,0.0,86.6,,79.5,93.2,89.9,85.4,79.4,,92.4,84.0,0.0,-5.3,,4.8,-4.5,2.4,-5.8,3.5,,-7.6,3.2,0.0,1.5,,-7.7,7.9,3.8,2.4,-11.3,,3.9,-0.1,0.0,39.1,,23.9,6.9,27.4,0.6,0.2,,-17.8,92.6,0.5,1.95,,0.74,0.08,0.93,1.83,17.43,,-0.71,2.56,9.79,0.28800000000000003,0.6459999999999999,0.474,0.505,0.8340000000000001,0.738,0.519,22.6,13.1,121,79,152,90,78,93,87,103,107,128,83,111,102,92,95,95,103,104,105,102,94,87.1,11.2,208,0.055,115.6,1257,0.331,3801,0.17600000000000002,0.3,,,,,,,,,,,,,,,,,,,,,,,,,,,,,,,,,,,,,,,,,,,,,,,,,,,,,,,,,,,,
22,2017,LAD,29,104,58,3.38,698,162,2,0,51,16,1444.2,5925,1226,580,543,184,442,33,40,40,10,1549,1628,1370,811,170,7938,15346,23284,770,114,83,21,9.65,2.75,3.5,7.64,1.15,0.225,1.15,0.281,0.778,3.67,1.19,0.213,0.42700000000000005,0.36,0.124,0.134,0.07,0.253,145.5,882.2,65.2,555.0,210.7,21.7,$173.7,3.8,3.7,14.91,-90.94,105.85,143.22,15.04,0.96,0.91,1.01,1.06,536,12.49,3.05,0.526,92.9,0.155,85.1,0.059000000000000004,89.0,0.149,76.7,0.11,83.9,0.001,87.1,,,0.005,,73.2,43.6,11.0,16.0,16.8,-0.1,,0.6,1.21,0.8,0.46,0.65,-0.49,,0.32799999999999996,0.675,0.485,0.595,0.823,0.738,0.452,0.637,0.127,97,142,66,82,86,86,0.261,0.075,3.66,4.8,-0.29,0.361,,0.09300000000000001,0.006,,0.132,0.15,0.107,0.043,,0.107,,,,93.0,,90.7,86.8,,92.6,85.1,74.7,82.1,,83.8,,,0.5,,2.1,-5.9,,1.9,1.4,-2.3,0.3,,4.5,,,11.6,,8.4,7.5,,8.3,4.9,-5.6,-2.6,,6.0,,,60.4,,38.7,-3.0,,5.0,39.7,12.0,7.1,,20.8,,,0.72,,1.8,-2.08,,0.16,1.15,0.48,0.72,,0.84,,,0.295,0.667,0.484,0.551,0.82,0.7390000000000001,0.509,23.9,26.1,6.0,-1.6,4.3,20 - 37,0.187,0.39399999999999996,0.344,0.262,0.21,0.488,0.302,3.69,0.36700000000000005,0.10400000000000001,,0.129,0.376,0.106,0.006,,,0.10800000000000001,0.155,0.0,83.9,,75.8,93.1,90.1,87.0,,,92.3,85.1,0.0,4.1,,-2.4,0.0,1.8,-5.8,,,2.2,0.8,0.0,3.0,,-9.3,9.0,5.5,4.2,,,5.7,1.1,0.0,22.0,,12.3,42.0,34.3,-2.8,,,20.2,39.5,0.0,0.9,,0.41,0.48,1.38,-1.95,,,0.8,1.09,0.0,0.29600000000000004,0.6609999999999999,0.484,0.547,0.8190000000000001,0.7390000000000001,0.517,23.9,25.9,115,82,140,87,93,89,85,94,107,120,85,104,95,104,98,100,98,103,108,99,96,86.3,13.1,186,0.048,115.7,1115,0.28600000000000003,3894,0.17,0.297,,,,,,,,,,,,,,,,,,,,,,,,,,,,,,,,,,,,,,,,,,,,,,,,,,,,,,,,,,,,
15,2017,ARI,28,93,69,3.67,675,162,2,1,43,19,1441.0,6072,1309,659,588,171,516,45,38,82,5,1482,1904,1304,753,106,8874,14982,23856,812,121,72,18,9.26,3.22,2.87,8.18,1.07,0.237,1.27,0.294,0.742,3.8,1.46,0.19,0.48100000000000004,0.32899999999999996,0.081,0.131,0.064,0.25,179.1,939.7,42.6,494.3,221.7,22.9,$182.9,4.15,3.86,12.72,-98.03,110.75,125.01,11.88,0.99,0.9,1.07,1.14,513,10.54,2.25,0.551,93.4,0.168,83.7,0.039,89.1,0.128,80.0,0.113,85.7,0.001,85.3,,,0.006,,9.3,17.2,8.6,29.0,9.8,0.4,,0.07,0.43,0.93,0.95,0.36,1.75,,0.302,0.652,0.45399999999999996,0.569,0.857,0.748,0.433,0.594,0.114,92,146,71,80,87,89,0.244,0.085,3.92,5.07,-0.12,0.39399999999999996,,0.043,0.028999999999999998,,0.165,0.161,0.053,0.069,0.001,0.085,,,,93.5,,87.8,86.5,,92.4,83.1,76.4,82.6,65.6,85.2,,,-0.8,,0.8,-1.0,,-0.5,0.1,3.8,0.5,6.9,-4.4,,,9.6,,4.4,4.2,,5.8,1.1,-5.1,-4.3,-6.2,4.9,,,39.5,,6.2,1.6,,-10.3,19.1,-2.5,30.1,-0.1,18.5,,,0.42,,0.62,0.24,,-0.26,0.5,-0.2,1.84,-0.53,0.91,,,0.271,0.649,0.45399999999999996,0.529,0.8440000000000001,0.748,0.485,22.4,26.7,1.7,2.2,3.9,23 - 40,0.159,0.374,0.36,0.266,0.18100000000000002,0.489,0.33,4.02,0.35700000000000004,0.084,0.001,0.124,0.41,0.037000000000000005,0.027999999999999997,,,0.134,0.17,0.0,85.4,65.3,80.0,93.6,89.3,86.6,,,92.4,83.7,0.0,-3.6,7.5,3.0,-0.4,0.6,-0.4,,,0.9,0.8,0.0,3.3,-9.1,-6.2,8.4,3.6,2.4,,,4.1,-0.3,0.0,13.7,-0.3,33.3,32.4,6.0,-2.6,,,-10.9,17.6,-0.1,0.68,-2.13,1.12,0.33,0.67,-0.38,,,-0.34,0.43,-2.73,0.268,0.6409999999999999,0.45399999999999996,0.53,0.84,0.748,0.499,22.4,3.4,110,95,115,93,87,94,94,98,102,112,97,93,107,95,96,95,102,104,93,100,105,87.9,9.2,214,0.053,116.7,1404,0.348,4036,0.17,0.284,,,,,,,,,,,,,,,,,,,,,,,,,,,,,,,,,,,,,,,,,,,,,,,,,,,,,,,,,,,,
3,2017,BOS,29,93,69,3.73,677,162,5,1,39,18,1482.1,6217,1384,668,615,195,465,18,49,43,3,1580,1674,1536,872,153,8802,16329,25131,785,141,40,14,9.59,2.82,3.4,8.4,1.18,0.243,1.25,0.303,0.757,3.78,1.09,0.214,0.41,0.376,0.1,0.127,0.084,0.35,157.4,949.7,65.5,526.1,222.9,23.2,$185.5,4.26,3.91,14.89,-100.43,115.32,137.41,13.31,0.99,0.92,1.1,1.18,515,11.91,3.2,0.57,93.0,0.153,83.8,0.032,87.9,0.146,79.0,0.083,84.3,0.003,83.7,0.013000000000000001,72.7,0.002,,79.2,12.1,-11.4,8.1,11.7,-0.5,-16.5,0.55,0.32,-1.43,0.22,0.56,-0.63,-4.94,0.316,0.667,0.474,0.629,0.835,0.759,0.449,0.624,0.114,83,140,68,82,87,89,0.254,0.075,3.77,4.77,-0.04,0.4,,0.044000000000000004,0.001,,0.17,0.139,0.049,0.098,,0.086,,0.012,,93.5,,87.2,83.1,,91.8,83.6,74.5,81.0,,84.4,,73.6,0.4,,-0.4,-4.5,,-2.3,-1.8,3.4,-0.8,,4.3,,-1.6,9.5,,4.7,4.8,,6.6,1.6,-5.7,-6.9,,5.1,,0.8,81.2,,-1.8,-1.2,,7.8,5.6,-11.6,22.7,,14.3,,-12.4,0.81,,-0.16,-4.29,,0.18,0.16,-0.95,0.92,,0.66,,-4.04,0.289,0.649,0.474,0.599,0.8270000000000001,0.76,0.513,23.1,27.4,-2.0,6.2,4.2,24 - 35,0.179,0.39299999999999996,0.336,0.271,0.18600000000000003,0.48200000000000004,0.332,3.78,0.36,0.075,,0.14400000000000002,0.423,0.039,0.008,0.013000000000000001,,0.14400000000000002,0.14400000000000002,0.001,84.5,,79.2,93.8,87.3,83.3,73.3,,91.3,83.9,8.7,5.5,,1.5,0.8,0.4,-6.4,-1.0,,-1.3,-1.1,0.1,3.2,,-8.8,7.9,3.0,2.4,-2.4,,5.0,-0.1,-0.6,14.4,,11.7,95.6,-7.8,-3.6,-16.1,,-5.0,8.8,1.1,0.76,,0.32,0.9,-0.79,-1.77,-4.89,,-0.14,0.24,5.59,0.29,0.643,0.474,0.596,0.8270000000000001,0.76,0.521,23.1,12.3,116,88,131,96,90,96,94,102,104,118,90,106,95,103,93,97,97,108,101,98,103,87.5,13.6,262,0.064,119.8,1391,0.337,4123,0.174,0.28800000000000003,,,,,,,,,,,,,,,,,,,,,,,,,,,,,,,,,,,,,,,,,,,,,,,,,,,,,,,,,,,,
9,2017,NYY,27,91,71,3.75,639,162,2,1,36,23,1448.2,6078,1248,660,603,192,504,18,53,83,4,1560,1809,1353,754,139,8601,15323,23924,858,134,41,14,9.69,3.13,3.1,7.75,1.19,0.226,1.21,0.28,0.745,3.88,1.34,0.193,0.462,0.34600000000000003,0.10300000000000001,0.142,0.07400000000000001,0.341,141.6,908.0,87.7,534.6,229.3,23.4,$187.0,3.99,3.82,6.32,-98.02,104.34,103.57,10.1,0.95,0.86,1.01,1.06,478,11.54,-4.89,0.449,94.5,0.251,85.1,0.065,88.9,0.075,80.1,0.107,85.6,0.053,85.9,,,0.003,,6.5,61.0,-10.7,22.8,20.6,12.3,,0.06,1.01,-0.69,1.28,0.8,0.98,,0.32,0.662,0.469,0.579,0.8290000000000001,0.733,0.43700000000000006,0.61,0.125,70,117,69,86,86,87,0.257,0.083,3.78,5.33,-0.13,0.34299999999999997,,0.059000000000000004,0.051,,0.105,0.239,0.07400000000000001,0.025,,0.10400000000000001,,,,95.2,,90.0,85.5,,91.5,85.0,80.4,83.4,,85.2,,,-2.9,,0.2,-2.4,,0.4,-0.3,2.1,5.5,,-1.8,,,10.4,,7.7,2.5,,7.1,1.5,-3.4,-2.6,,7.2,,,15.9,,5.1,9.9,,-18.4,65.1,24.0,8.6,,26.4,,,0.19,,0.36,0.81,,-0.73,1.14,1.35,1.44,,1.07,,,0.285,0.652,0.469,0.539,0.818,0.7340000000000001,0.503,23.2,23.6,4.9,-4.6,0.3,22 - 36,0.174,0.41600000000000004,0.354,0.22899999999999998,0.19899999999999998,0.513,0.28800000000000003,3.85,0.371,0.10400000000000001,,0.084,0.342,0.07,0.048,,,0.09699999999999999,0.243,0.004,85.4,,80.8,95.3,89.8,85.7,,,91.6,84.9,0.0,-0.8,,4.1,-1.8,1.2,-1.1,,,2.0,1.5,0.0,4.9,,-6.3,8.5,5.0,0.2,,,5.0,-1.2,0.0,27.6,,32.3,27.9,-4.8,11.1,,,-20.9,56.5,-0.7,1.1,,1.6,0.34,-0.29,0.96,,,-0.9,0.97,-0.72,0.287,0.65,0.469,0.536,0.821,0.7340000000000001,0.503,23.2,0.5,117,97,120,88,91,90,91,95,103,119,99,95,107,95,104,103,102,92,108,104,89,87.0,10.4,229,0.057999999999999996,118.5,1325,0.335,3961,0.16899999999999998,0.294,,,,,,,,,,,,,,,,,,,,,,,,,,,,,,,,,,,,,,,,,,,,,,,,,,,,,,,,,,,,
24,2017,WSN,29,97,65,3.88,649,162,3,1,46,17,1446.2,6068,1300,672,624,189,495,39,60,44,5,1457,1750,1481,743,140,8592,15510,24102,819,114,81,21,9.06,3.08,2.94,8.09,1.18,0.236,1.24,0.287,0.7440000000000001,3.99,1.18,0.187,0.44,0.373,0.095,0.128,0.065,0.259,182.2,970.2,34.5,470.4,216.7,23.0,$183.9,4.15,4.12,12.02,-98.75,110.78,75.84,7.83,0.99,0.92,1.05,1.11,487,8.46,3.66,0.575,93.3,0.17,85.5,0.018000000000000002,91.5,0.122,78.0,0.115,85.4,,,,,0.006,,6.2,34.3,2.7,20.9,36.7,,,0.04,0.83,0.64,0.71,1.33,,,0.306,0.6629999999999999,0.47100000000000003,0.623,0.843,0.7659999999999999,0.461,0.607,0.11,88,134,67,88,91,95,0.24,0.08199999999999999,4.0,5.1,-0.11,0.345,,0.011000000000000001,0.002,,0.23800000000000002,0.17300000000000001,0.115,0.005,,0.111,,,,93.7,,87.8,85.7,,92.5,85.7,77.9,78.6,,85.3,,,-2.1,,0.8,8.7,,-3.6,0.4,1.6,-4.0,,-4.0,,,10.2,,4.6,9.6,,7.0,3.7,-4.9,-3.7,,5.0,,,40.9,,9.0,0.8,,-21.3,30.6,23.6,0.4,,36.4,,,0.5,,3.28,1.57,,-0.37,0.74,0.86,0.33,,1.37,,,0.27,0.648,0.47100000000000003,0.597,0.828,0.7659999999999999,0.532,22.8,26.2,4.3,-1.0,3.2,24 - 38,0.159,0.386,0.34600000000000003,0.267,0.19899999999999998,0.504,0.297,4.03,0.353,0.111,,0.121,0.33799999999999997,0.019,0.002,,,0.22699999999999998,0.165,0.0,85.6,,78.6,94.1,89.8,87.4,,,92.6,85.9,24.3,-3.3,,1.9,-1.7,0.5,-6.5,,,-3.0,1.3,1.3,2.5,,-7.7,8.1,3.3,0.6,,,4.8,1.2,2.5,39.7,,23.6,22.4,-1.4,-0.8,,,-10.5,34.0,0.1,1.48,,0.8,0.27,-0.31,-1.85,,,-0.19,0.85,2.48,0.267,0.649,0.47100000000000003,0.581,0.833,0.7659999999999999,0.5329999999999999,22.8,-8.8,108,91,118,92,95,94,92,96,102,111,93,92,98,108,93,98,98,105,102,102,95,86.8,12.7,221,0.054000000000000006,117.3,1253,0.309,4056,0.168,0.278,,,,,,,,,,,,,,,,,,,,,,,,,,,,,,,,,,,,,,,,,,,,,,,,,,,,,,,,,,,,
17,2017,CHC,29,92,70,3.95,693,162,2,1,38,19,1447.1,6108,1294,695,636,194,554,29,66,73,4,1439,1841,1342,803,119,9201,15197,24398,822,130,62,17,8.95,3.44,2.6,8.05,1.21,0.236,1.28,0.285,0.742,4.2,1.37,0.201,0.462,0.337,0.08900000000000001,0.145,0.071,0.27399999999999997,121.8,886.0,43.5,554.1,165.3,16.8,$134.5,4.44,4.1,8.85,-96.55,105.41,58.62,5.69,0.95,0.88,1.02,1.07,531,7.24,2.07,0.583,91.9,0.096,83.5,0.09,88.2,0.14,78.2,0.083,83.2,0.009000000000000001,79.5,,,0.004,,27.1,20.2,-0.3,4.0,13.4,0.8,,0.19,0.86,-0.01,0.12,0.66,0.33,,0.3,0.6409999999999999,0.449,0.623,0.852,0.7659999999999999,0.436,0.6,0.105,90,143,69,91,97,95,0.23600000000000002,0.091,4.09,5.11,-0.24,0.374,,0.10800000000000001,0.016,,0.20800000000000002,0.071,0.13,0.011000000000000001,,0.083,,,,92.4,,86.2,83.5,,91.1,84.6,78.0,81.9,,83.2,,,-0.6,,0.7,-5.7,,-4.7,0.8,0.6,1.4,,-0.6,,,9.8,,4.3,4.8,,7.1,1.6,-3.9,-5.1,,5.7,,,11.3,,26.1,3.2,,22.3,3.8,2.9,0.2,,14.9,,,0.12,,1.0,0.83,,0.44,0.22,0.09,0.09,,0.74,,,0.258,0.638,0.449,0.563,0.846,0.765,0.504,22.1,20.7,4.5,-0.6,3.9,22 - 42,0.145,0.40299999999999997,0.35200000000000004,0.245,0.2,0.486,0.313,4.19,0.358,0.08199999999999999,,0.138,0.344,0.071,0.009000000000000001,,,0.23199999999999998,0.113,0.0,83.6,,78.7,92.7,88.9,79.8,,,91.5,84.4,32.6,0.3,,1.7,-0.4,0.6,-8.1,,,-2.3,2.1,-1.4,3.1,,-6.8,8.2,3.3,2.7,,,5.0,-0.7,2.7,11.5,,5.3,13.3,16.2,0.9,,,24.6,7.9,0.3,0.58,,0.16,0.16,0.93,0.4,,,0.43,0.29,9.21,0.257,0.635,0.449,0.562,0.845,0.765,0.51,22.1,-10.5,107,102,104,92,98,94,94,95,102,109,104,99,103,97,105,103,100,96,103,99,100,86.7,10.8,212,0.052000000000000005,119.0,1287,0.318,4049,0.171,0.276,,,,,,,,,,,,,,,,,,,,,,,,,,,,,,,,,,,,,,,,,,,,,,,,,,,,,,,,,,,,
12,2017,TBR,28,80,82,3.99,673,162,0,0,53,22,1445.0,6099,1324,704,640,193,503,37,48,83,4,1352,1775,1512,844,164,8738,15262,24000,694,112,63,26,8.42,3.13,2.69,8.25,1.2,0.239,1.26,0.283,0.73,4.17,1.17,0.204,0.43,0.366,0.10800000000000001,0.128,0.063,0.413,106.3,897.7,41.4,539.6,147.7,15.0,$119.9,4.25,4.29,3.65,-109.02,112.67,34.43,3.61,1.03,0.97,1.15,1.24,511,3.55,-0.01,0.49200000000000005,93.1,0.16899999999999998,85.2,0.09,89.0,0.096,80.2,0.15,84.8,0.002,88.6,,,0.006,,-8.9,38.1,14.1,6.6,15.9,-0.2,,-0.08,0.94,0.65,0.28,0.44,-0.36,,0.309,0.672,0.467,0.622,0.843,0.76,0.435,0.6,0.11199999999999999,93,145,81,94,98,98,0.222,0.08199999999999999,4.2,4.32,-0.18,0.369,,0.066,0.053,,0.124,0.18899999999999997,0.057,0.040999999999999995,,0.10099999999999999,,,,93.5,,89.3,84.1,,92.1,85.5,79.8,80.5,,85.3,,,-3.7,,-0.1,-7.8,,-6.9,1.6,1.3,2.1,,-5.1,,,10.5,,6.0,5.4,,6.7,1.6,-5.1,-8.4,,4.8,,,3.8,,19.5,-2.8,,5.6,42.3,1.0,6.8,,22.8,,,0.04,,1.23,-0.22,,0.19,0.94,0.07,0.7,,0.94,,,0.27399999999999997,0.655,0.467,0.573,0.8370000000000001,0.7609999999999999,0.506,23.8,16.3,4.4,-3.1,1.3,22 - 34,0.139,0.385,0.344,0.271,0.171,0.478,0.35100000000000003,4.26,0.336,0.10099999999999999,,0.096,0.355,0.078,0.049,,,0.131,0.17600000000000002,0.001,85.4,,80.4,93.7,89.2,84.5,,,92.2,85.7,0.0,-3.6,,3.4,-2.1,1.5,-6.6,,,-6.2,3.3,0.0,3.1,,-8.4,9.0,4.1,3.5,,,5.7,-0.2,0.0,25.1,,7.7,-1.7,17.9,-8.3,,,2.3,38.1,0.5,1.03,,0.33,-0.02,0.96,-0.69,,,0.07,0.9,3.24,0.27399999999999997,0.655,0.467,0.578,0.835,0.7609999999999999,0.506,23.8,0.4,101,98,104,94,92,95,95,96,100,103,99,101,99,100,94,95,100,108,93,97,109,87.7,13.1,235,0.055999999999999994,118.7,1425,0.34,4196,0.16699999999999998,0.27899999999999997,,,,,,,,,,,,,,,,,,,,,,,,,,,,,,,,,,,,,,,,,,,,,,,,,,,,,,,,,,,,
23,2017,MIL,28,86,76,4.0,712,162,1,0,54,25,1445.2,6164,1381,697,642,185,553,45,64,50,2,1346,1879,1372,860,138,8846,15367,24213,732,125,90,25,8.38,3.44,2.43,8.6,1.15,0.249,1.34,0.298,0.748,4.24,1.37,0.209,0.457,0.33399999999999996,0.10099999999999999,0.135,0.067,0.278,119.0,871.6,42.5,566.6,161.5,17.1,$136.4,4.63,4.26,6.56,-111.83,118.39,66.06,6.74,1.05,0.97,1.12,1.2,550,4.57,1.67,0.595,92.8,0.11599999999999999,84.6,0.08800000000000001,90.4,0.105,78.5,0.067,83.0,0.027999999999999997,83.6,,,0.006999999999999999,,-3.6,10.4,4.7,18.2,-11.3,1.9,,-0.02,0.37,0.22,0.72,-0.69,0.28,,0.304,0.669,0.46399999999999997,0.642,0.855,0.777,0.439,0.591,0.10400000000000001,101,172,96,91,97,99,0.218,0.09,4.27,4.56,-0.24,0.37,,0.071,0.036000000000000004,,0.24100000000000002,0.109,0.069,0.040999999999999995,0.0,0.063,,,,93.2,,90.0,84.3,,92.3,85.0,75.6,82.5,65.2,82.6,,,-3.8,,0.6,-2.4,,-7.8,1.4,3.0,5.1,3.4,-6.0,,,10.2,,6.0,4.8,,6.7,2.3,-5.1,-4.4,5.1,6.7,,,-16.1,,14.2,2.9,,22.9,10.3,7.4,18.9,0.0,-9.9,,,-0.18,,0.82,0.33,,0.39,0.39,0.45,1.91,-0.37,-0.65,,,0.267,0.6579999999999999,0.46399999999999997,0.605,0.845,0.7759999999999999,0.504,23.1,21.2,0.4,3.8,4.2,23 - 34,0.129,0.38799999999999996,0.353,0.259,0.20199999999999999,0.484,0.314,4.39,0.33799999999999997,0.062,,0.10300000000000001,0.35600000000000004,0.076,0.032,,,0.226,0.135,,82.8,,78.9,93.5,91.0,84.6,,,92.5,85.6,,-5.1,,5.8,-2.5,0.6,-2.6,,,-8.3,1.9,,4.3,,-7.8,8.5,5.4,2.4,,,4.3,0.2,,-10.4,,20.9,-10.6,-3.0,1.9,,,16.7,15.6,,-0.69,,0.83,-0.12,-0.16,0.24,,,0.3,0.47,,0.263,0.6579999999999999,0.46399999999999997,0.605,0.8420000000000001,0.7759999999999999,0.509,23.1,-3.5,100,102,97,98,93,99,99,100,103,101,103,102,102,97,98,99,100,101,104,99,100,86.2,10.5,216,0.051,117.2,1291,0.307,4201,0.16699999999999998,0.271,,,,,,,,,,,,,,,,,,,,,,,,,,,,,,,,,,,,,,,,,,,,,,,,,,,,,,,,,,,,
28,2017,STL,27,83,79,4.01,708,162,3,3,43,17,1450.1,6153,1393,705,647,183,493,50,67,38,0,1351,1930,1359,879,108,8368,15280,23648,761,125,73,15,8.38,3.06,2.74,8.64,1.14,0.249,1.3,0.298,0.736,4.09,1.42,0.21100000000000002,0.46299999999999997,0.326,0.079,0.135,0.065,0.205,115.2,917.7,39.2,526.1,154.3,15.7,$125.6,4.32,4.12,3.47,-107.27,110.74,28.76,3.15,1.02,0.93,1.07,1.13,546,5.57,-2.17,0.5820000000000001,93.0,0.14400000000000002,84.1,0.081,87.7,0.08199999999999999,76.7,0.099,85.8,0.013000000000000001,81.1,0.0,75.0,0.008,,31.9,39.5,6.1,-13.5,-8.1,-1.7,0.0,0.23,1.16,0.32,-0.7,-0.35,-0.56,-4.49,0.29600000000000004,0.67,0.46799999999999997,0.648,0.8490000000000001,0.78,0.46,0.61,0.10300000000000001,90,141,90,96,97,95,0.22,0.08,4.13,4.72,-0.08,0.344,,0.094,0.01,,0.237,0.122,0.065,0.02,0.0,0.10800000000000001,,,,94.0,,87.5,80.2,,91.7,83.8,75.4,81.4,61.7,85.9,,,-4.0,,0.2,-5.1,,-7.3,0.6,4.5,2.1,8.8,-5.8,,,9.6,,4.9,2.8,,4.7,1.7,-5.6,-2.7,-7.3,4.7,,,23.5,,5.7,2.9,,18.7,43.6,-9.6,-2.8,-0.4,-7.6,,,0.29,,0.26,1.21,,0.34,1.53,-0.63,-0.62,-4.53,-0.3,,,0.255,0.657,0.46799999999999997,0.595,0.8440000000000001,0.7809999999999999,0.532,21.4,15.3,0.4,-0.7,-0.4,21 - 35,0.139,0.39899999999999997,0.336,0.265,0.191,0.502,0.307,4.26,0.32899999999999996,0.099,,0.083,0.335,0.09,0.01,,,0.237,0.13,0.0,86.1,,77.0,94.3,88.2,80.8,,,91.7,84.2,0.0,-4.9,,5.0,-3.4,1.1,-4.4,,,-6.1,1.6,0.0,2.7,,-7.4,8.1,3.4,0.6,,,3.2,0.1,0.0,-10.4,,-14.8,20.8,11.5,1.7,,,12.7,41.4,-0.2,-0.44,,-0.75,0.26,0.54,0.69,,,0.23,1.34,-7.83,0.253,0.653,0.46799999999999997,0.588,0.845,0.7809999999999999,0.539,21.4,2.4,100,91,110,98,92,99,96,100,101,101,92,103,103,94,98,102,95,104,98,102,98,86.8,10.6,209,0.049,117.6,1341,0.316,4242,0.174,0.27699999999999997,,,,,,,,,,,,,,,,,,,,,,,,,,,,,,,,,,,,,,,,,,,,,,,,,,,,,,,,,,,,
21,2017,HOU,28,101,61,4.12,681,162,1,0,45,21,1446.0,6111,1314,700,662,192,522,17,70,86,4,1593,1828,1288,747,113,8720,15404,24124,896,139,53,18,9.91,3.25,3.05,8.18,1.2,0.238,1.27,0.3,0.737,3.91,1.42,0.193,0.473,0.33299999999999996,0.08800000000000001,0.149,0.076,0.34,135.9,896.4,49.6,542.6,185.5,19.0,$152.1,3.93,3.77,5.64,-101.48,107.12,29.28,2.96,0.96,0.89,0.98,1.02,519,2.83,3.04,0.49700000000000005,92.7,0.19899999999999998,82.9,0.059000000000000004,88.7,0.142,80.8,0.098,83.1,0.005,86.1,,,0.003,,0.4,37.1,-9.1,20.5,4.6,3.0,,0.0,0.77,-0.64,0.6,0.19,2.31,,0.31,0.655,0.465,0.561,0.835,0.7340000000000001,0.447,0.61,0.124,91,116,73,97,90,86,0.261,0.085,3.75,5.58,0.21,0.312,,0.051,0.011000000000000001,,0.19,0.19899999999999998,0.098,0.046,,0.09300000000000001,,,,93.4,,89.0,83.3,,91.4,83.0,79.1,84.5,,83.2,,,-5.0,,-0.1,-6.1,,-5.1,1.3,5.5,3.8,,-6.7,,,9.4,,4.9,1.1,,4.9,1.0,-6.5,-5.9,,3.9,,,-13.3,,1.5,-2.1,,16.4,42.0,11.2,11.4,,10.9,,,-0.18,,0.12,-0.77,,0.36,0.88,0.48,1.02,,0.49,,,0.287,0.6459999999999999,0.465,0.518,0.83,0.733,0.495,23.3,17.6,-1.3,-0.1,-1.4,21 - 35,0.175,0.426,0.34700000000000003,0.22699999999999998,0.207,0.495,0.297,3.83,0.37799999999999995,0.073,,0.125,0.29600000000000004,0.057999999999999996,0.03,0.0,,0.196,0.214,0.0,83.6,,80.5,93.5,89.0,82.9,88.9,,91.7,83.2,29.0,-4.5,,7.0,-3.9,1.2,-7.1,-4.7,,-3.7,3.3,0.0,2.5,,-8.6,8.4,4.1,1.4,9.0,,3.8,-0.5,-0.6,8.1,,20.8,-9.2,-5.0,-0.6,0.0,,17.7,37.3,0.2,0.46,,0.69,-0.13,-0.36,-0.08,-3.97,,0.37,0.72,5.29,0.27899999999999997,0.64,0.465,0.518,0.821,0.733,0.514,23.3,11.9,119,101,118,93,91,95,95,102,101,121,102,96,109,91,109,105,100,91,112,100,92,86.8,10.1,214,0.055,114.9,1304,0.332,3926,0.171,0.295,,,,,,,,,,,,,,,,,,,,,,,,,,,,,,,,,,,,,,,,,,,,,,,,,,,,,,,,,,,,
1,2017,LAA,29,80,82,4.2,705,162,1,1,43,21,1440.2,6030,1373,709,672,224,470,25,44,57,6,1312,1728,1593,832,159,8554,14843,23397,710,100,48,11,8.2,2.94,2.79,8.58,1.4,0.249,1.28,0.289,0.7490000000000001,4.43,1.08,0.2,0.41600000000000004,0.384,0.1,0.141,0.057999999999999996,0.22899999999999998,47.8,868.4,59.6,563.4,107.4,11.0,$88.2,4.52,4.37,-1.69,-107.76,106.07,15.33,1.66,0.98,0.92,1.05,1.1,542,0.91,-2.64,0.499,92.8,0.20600000000000002,84.3,0.065,90.0,0.106,78.3,0.071,83.1,0.052000000000000005,82.8,,,0.004,,-16.3,5.9,12.8,10.3,6.9,7.3,,-0.14,0.12,0.84,0.42,0.42,0.6,,0.298,0.6779999999999999,0.46299999999999997,0.608,0.857,0.7659999999999999,0.435,0.604,0.10800000000000001,77,149,88,98,101,100,0.218,0.078,4.21,4.44,-0.23,0.325,,0.052000000000000005,0.052000000000000005,,0.201,0.16699999999999998,0.11599999999999999,0.015,,0.071,,,,92.6,,88.7,82.8,,92.9,84.9,78.9,74.7,,83.0,,,-3.9,,0.4,-6.5,,-6.4,1.4,2.3,6.5,,-4.5,,,9.6,,5.8,2.5,,6.5,0.2,-4.0,-6.3,,5.0,,,-4.9,,29.0,6.6,,-8.8,-5.4,19.7,1.7,,6.8,,,-0.06,,2.41,0.54,,-0.19,-0.14,0.73,0.49,,0.41,,,0.258,0.6679999999999999,0.46299999999999997,0.5539999999999999,0.8490000000000001,0.7659999999999999,0.499,23.6,13.2,2.2,0.0,2.2,22 - 34,0.14,0.39799999999999996,0.344,0.258,0.166,0.488,0.345,4.25,0.33299999999999996,0.07,0.012,0.109,0.327,0.076,0.051,0.0,,0.171,0.16899999999999998,0.0,83.3,73.7,79.3,92.9,89.2,83.0,84.5,,93.2,84.8,0.0,-3.7,9.1,3.5,-3.0,0.6,-5.5,-0.9,,-6.1,2.6,0.0,3.7,-9.5,-5.7,8.4,5.1,1.0,0.9,,5.4,-1.1,0.0,10.0,-0.2,18.6,-2.1,26.4,6.8,-0.5,,-15.0,-7.0,-0.1,0.61,-0.07,0.73,-0.03,1.48,0.57,-45.97,,-0.37,-0.18,-1.3,0.253,0.664,0.46299999999999997,0.557,0.843,0.7659999999999999,0.512,23.6,24.8,99,91,107,98,107,99,96,98,103,101,93,99,96,105,103,99,100,103,90,99,107,88.4,13.8,264,0.063,116.2,1534,0.365,4204,0.17,0.278,,,,,,,,,,,,,,,,,,,,,,,,,,,,,,,,,,,,,,,,,,,,,,,,,,,,,,,,,,,,
27,2017,PIT,28,75,87,4.23,664,162,2,1,36,21,1440.2,6208,1464,731,677,182,511,32,58,58,2,1262,1929,1407,934,123,8554,15146,23700,668,111,104,22,7.88,3.19,2.47,9.15,1.14,0.26,1.37,0.306,0.732,4.23,1.37,0.21899999999999997,0.452,0.33,0.087,0.129,0.057999999999999996,0.212,130.8,893.5,31.2,541.8,162.0,16.6,$132.7,4.63,4.33,-0.79,-109.01,108.22,5.26,0.68,0.99,0.89,1.01,1.06,502,-3.79,3.0,0.628,94.3,0.12300000000000001,86.6,0.024,86.9,0.106,80.4,0.11800000000000001,86.1,0.002,83.9,,,0.005,,-20.0,17.9,2.5,4.6,-27.2,1.2,,-0.13,0.62,0.45,0.18,-0.97,2.47,,0.294,0.674,0.47100000000000003,0.65,0.866,0.794,0.466,0.611,0.09699999999999999,82,119,80,99,98,100,0.203,0.08199999999999999,4.36,4.17,0.0,0.365,,0.023,,,0.262,0.12300000000000001,0.083,0.024,,0.11900000000000001,,,,94.6,,87.0,,,93.6,86.5,80.4,81.0,,86.1,,,-4.2,,-0.3,,,-7.4,-0.3,2.1,5.2,,-4.7,,,9.3,,6.0,,,6.2,2.3,-4.5,-4.4,,4.8,,,3.4,,1.5,,,-2.9,21.0,5.8,0.0,,-21.5,,,0.04,,0.28,,,-0.05,0.72,0.3,0.0,,-0.77,,,0.255,0.6679999999999999,0.47100000000000003,0.611,0.856,0.7929999999999999,0.524,22.4,15.9,-2.2,1.5,-0.7,23 - 39,0.121,0.397,0.35100000000000003,0.252,0.2,0.48200000000000004,0.318,4.48,0.315,0.114,,0.106,0.35600000000000004,0.022000000000000002,0.001,,,0.264,0.122,0.0,86.3,,80.8,94.8,86.6,85.5,,,93.9,86.8,0.0,-3.3,,4.6,-3.0,0.4,-3.0,,,-6.2,1.3,0.0,2.9,,-6.8,7.4,4.1,-0.9,,,4.9,0.5,0.0,-26.6,,5.2,-2.7,3.3,0.0,,,1.9,16.3,-0.7,-0.98,,0.21,-0.03,0.64,-0.25,,,0.03,0.56,-36.08,0.253,0.6659999999999999,0.47100000000000003,0.605,0.857,0.7929999999999999,0.527,22.4,-16.5,94,95,99,104,92,103,101,102,101,94,94,107,100,95,94,101,100,99,103,98,101,87.1,10.9,232,0.053,117.1,1432,0.327,4377,0.163,0.261,,,,,,,,,,,,,,,,,,,,,,,,,,,,,,,,,,,,,,,,,,,,,,,,,,,,,,,,,,,,
14,2017,TOR,29,76,86,4.42,740,162,2,0,45,26,1465.0,6316,1460,784,720,203,549,25,48,53,4,1372,1951,1522,823,159,8979,15465,24444,693,132,49,26,8.43,3.37,2.5,8.97,1.25,0.255,1.37,0.303,0.718,4.31,1.28,0.192,0.45399999999999996,0.354,0.10400000000000001,0.133,0.068,0.531,105.1,866.0,57.4,591.3,162.5,16.6,$132.6,4.4,4.36,3.07,-114.21,117.28,-8.48,-0.87,1.04,0.94,1.1,1.17,578,1.25,1.71,0.584,92.2,0.15,84.9,0.067,88.2,0.07,78.8,0.13,81.6,,,,,0.004,,-18.1,11.5,2.9,-7.6,-3.7,,,-0.13,0.32,0.18,-0.45,-0.12,,,0.311,0.672,0.466,0.636,0.853,0.77,0.43,0.596,0.107,79,153,84,101,97,99,0.217,0.087,4.27,4.26,0.11,0.297,,0.084,,,0.278,0.106,0.098,0.008,,0.129,,,,92.2,,88.6,,,92.4,84.4,81.3,78.1,,81.6,,,-2.7,,0.5,,,-2.4,0.6,2.8,-0.8,,-3.8,,,10.6,,5.0,,,5.3,2.4,-3.8,-6.2,,6.6,,,-15.7,,-0.8,,,26.6,4.7,5.2,-0.2,,-2.0,,,-0.22,,-0.04,,,0.39,0.18,0.22,-0.13,,-0.06,,,0.266,0.662,0.466,0.597,0.8390000000000001,0.77,0.503,22.5,12.0,-2.5,-2.1,-4.5,22 - 40,0.13,0.40700000000000003,0.332,0.261,0.191,0.507,0.301,4.37,0.336,0.127,,0.07400000000000001,0.324,0.087,0.0,,,0.242,0.129,0.0,81.8,,79.0,92.5,88.8,94.0,,,92.4,85.0,0.0,-2.6,,2.8,-2.7,1.9,-3.3,,,-0.2,2.8,0.0,4.5,,-7.7,8.9,3.3,3.3,,,3.3,0.0,0.0,-1.4,,-5.3,-1.2,-4.8,0.0,,,9.5,14.7,-0.4,-0.05,,-0.29,-0.01,-0.22,-4.49,,,0.16,0.46,-5.86,0.264,0.6609999999999999,0.465,0.599,0.8370000000000001,0.77,0.506,22.5,2.7,102,105,97,102,95,101,103,103,99,101,104,95,105,97,98,101,96,104,104,103,94,87.1,11.3,231,0.053,118.4,1447,0.33299999999999996,4347,0.16399999999999998,0.271,,,,,,,,,,,,,,,,,,,,,,,,,,,,,,,,,,,,,,,,,,,,,,,,,,,,,,,,,,,,
11,2017,SEA,28,78,84,4.46,689,162,1,0,39,26,1440.1,6132,1399,772,713,237,490,28,53,73,7,1244,1729,1684,877,205,8457,15076,23533,750,114,52,13,7.77,3.06,2.54,8.74,1.48,0.25,1.31,0.283,0.727,4.7,1.03,0.204,0.40299999999999997,0.39299999999999996,0.122,0.141,0.066,0.25,52.9,866.7,33.6,562.2,86.4,9.3,$74.7,4.72,4.64,-5.43,-107.61,102.17,-44.26,-4.37,0.95,0.9,1.17,1.26,526,-3.64,-2.05,0.565,92.3,0.163,83.9,0.051,88.0,0.091,78.8,0.10099999999999999,84.1,0.028999999999999998,80.9,,,0.004,,-12.5,20.6,18.9,-9.5,-25.7,0.4,,-0.09,0.54,1.57,-0.44,-1.08,0.06,,0.293,0.6779999999999999,0.474,0.645,0.855,0.7859999999999999,0.47100000000000003,0.611,0.10099999999999999,93,146,102,106,109,106,0.203,0.08,4.43,4.69,-0.25,0.355,,0.065,0.023,,0.207,0.172,0.069,0.024,,0.085,,,,93.2,,86.7,83.3,,91.3,83.7,78.1,80.4,,84.3,,,0.3,,0.5,6.1,,-4.1,2.5,2.8,-2.2,,-4.0,,,10.5,,5.1,8.4,,6.6,3.3,-3.2,-3.7,,5.2,,,16.3,,23.2,-4.3,,-4.0,18.8,-13.0,3.0,,-21.8,,,0.2,,1.53,-0.8,,-0.08,0.47,-0.8,0.52,,-1.09,,,0.266,0.664,0.474,0.613,0.8490000000000001,0.7859999999999999,0.524,22.0,10.0,4.4,-3.7,0.6,23 - 38,0.12300000000000001,0.409,0.336,0.255,0.18899999999999997,0.496,0.315,4.45,0.321,0.10099999999999999,0.002,0.087,0.40299999999999997,0.061,0.027999999999999997,,,0.154,0.151,0.0,84.3,69.2,79.2,93.2,87.8,81.0,,,90.8,84.1,0.0,-0.8,-4.5,2.6,0.7,1.2,3.4,,,-4.6,3.0,0.0,3.6,-7.1,-6.3,8.1,4.3,2.2,,,4.3,0.1,0.0,-27.4,-0.6,-7.5,6.1,19.5,1.0,,,-6.8,28.1,0.4,-1.15,-1.0,-0.36,0.06,1.36,0.16,,,-0.19,0.79,3.91,0.265,0.6629999999999999,0.475,0.615,0.848,0.7859999999999999,0.526,22.0,3.0,94,95,97,100,113,99,98,96,100,94,96,101,93,108,103,101,97,102,102,101,98,87.9,14.4,263,0.061,114.9,1496,0.344,4345,0.16399999999999998,0.266,,,,,,,,,,,,,,,,,,,,,,,,,,,,,,,,,,,,,,,,,,,,,,,,,,,,,,,,,,,,
30,2017,SFG,28,64,98,4.5,664,162,3,2,32,22,1452.0,6287,1515,776,726,182,496,42,50,55,3,1234,1879,1586,951,138,8485,15272,23757,639,128,90,16,7.65,3.07,2.49,9.39,1.13,0.264,1.38,0.308,0.711,4.22,1.18,0.215,0.425,0.359,0.087,0.115,0.068,0.17800000000000002,99.1,956.8,14.5,490.3,113.7,11.4,$91.2,4.42,4.53,-4.82,-112.32,107.5,-50.82,-4.56,0.98,0.89,1.07,1.13,502,-4.19,-0.7,0.518,92.3,0.134,84.9,0.111,88.7,0.124,78.4,0.102,82.7,0.011000000000000001,85.6,,,0.006,,-11.5,19.2,-24.2,-1.9,-9.1,-0.9,,-0.09,0.6,-0.92,-0.07,-0.37,-0.37,,0.3,0.6679999999999999,0.46799999999999997,0.6679999999999999,0.8690000000000001,0.799,0.456,0.619,0.094,66,119,77,108,103,105,0.196,0.079,4.47,3.96,0.28,0.31,,0.126,0.011000000000000001,,0.19899999999999998,0.139,0.067,0.047,,0.10099999999999999,,,,92.4,,89.3,86.7,,91.9,83.9,76.4,81.0,,82.7,,,0.3,,0.8,-6.9,,-3.4,2.0,3.6,0.1,,1.6,,,9.6,,6.8,5.9,,6.8,3.0,-3.2,-3.1,,5.0,,,-1.3,,-0.2,2.9,,-7.0,1.3,-0.2,2.6,,-5.6,,,-0.02,,-0.01,1.07,,-0.15,0.04,-0.01,0.24,,-0.24,,,0.259,0.657,0.46799999999999997,0.627,0.8590000000000001,0.7979999999999999,0.525,22.5,8.5,-3.2,0.2,-2.9,24 - 32,0.11699999999999999,0.389,0.366,0.245,0.18899999999999997,0.496,0.315,4.52,0.304,0.1,0.0,0.11199999999999999,0.36200000000000004,0.105,0.011000000000000001,0.0,,0.149,0.147,,83.0,70.5,78.7,92.7,89.3,86.0,93.0,,92.4,84.8,,1.0,-3.3,1.8,1.5,0.4,-5.7,-3.1,,-8.0,2.0,,2.1,-3.8,-6.2,7.2,4.1,3.4,5.7,,3.8,0.6,,-9.0,0.1,-0.1,-0.2,0.5,-2.7,-0.1,,-8.2,6.1,,-0.38,11.23,0.0,0.0,0.02,-1.05,-6.17,,-0.23,0.17,,0.253,0.655,0.46799999999999997,0.622,0.858,0.7979999999999999,0.536,22.5,-1.3,91,91,100,107,92,105,102,103,98,90,90,105,94,104,84,99,104,96,97,101,100,87.7,12.5,262,0.057999999999999996,118.4,1518,0.337,4507,0.16899999999999998,0.264,,,,,,,,,,,,,,,,,,,,,,,,,,,,,,,,,,,,,,,,,,,,,,,,,,,,,,,,,,,,
19,2017,COL,27,87,75,4.51,711,162,1,1,47,14,1437.2,6177,1453,757,721,190,532,20,50,69,10,1270,2059,1334,854,124,8809,14917,23726,824,131,76,12,7.95,3.33,2.39,9.1,1.19,0.26,1.38,0.305,0.722,4.32,1.54,0.201,0.485,0.314,0.09300000000000001,0.142,0.064,0.158,118.9,885.6,64.3,547.4,183.2,18.6,$148.7,5.29,4.26,11.97,-98.9,110.87,99.24,8.2,0.95,0.88,1.03,1.08,549,5.9,6.68,0.608,94.0,0.155,85.5,0.079,87.7,0.084,79.3,0.07400000000000001,85.2,0.0,84.0,,,0.003,,-27.3,8.4,1.2,4.2,-9.8,-0.4,,-0.19,0.23,0.06,0.21,-0.56,-8.84,,0.268,0.665,0.45799999999999996,0.593,0.877,0.79,0.479,0.588,0.096,111,150,67,91,94,98,0.20600000000000002,0.086,4.31,5.16,0.19,0.461,,0.05,,,0.14800000000000002,0.18,0.059000000000000004,0.027999999999999997,,0.07400000000000001,,,,94.3,,88.3,,,93.0,85.7,78.7,80.6,,85.3,,,-1.1,,0.9,,,-1.3,1.8,3.2,3.6,,1.5,,,9.4,,4.7,,,6.1,2.5,-4.5,-3.7,,5.9,,,-1.6,,4.3,,,-14.6,10.3,-0.3,3.5,,-7.9,,,-0.01,,0.37,,,-0.42,0.24,-0.02,0.52,,-0.45,,,0.237,0.652,0.45799999999999996,0.5770000000000001,0.858,0.79,0.532,22.8,23.4,-1.9,6.8,4.8,22 - 38,0.11900000000000001,0.382,0.358,0.26,0.203,0.48100000000000004,0.316,4.5,0.322,0.07200000000000001,,0.083,0.46799999999999997,0.073,0.0,,,0.135,0.159,0.0,85.4,,79.5,94.5,87.8,86.9,,,93.1,85.7,0.0,0.9,,4.0,-1.3,-0.4,-1.7,,,-1.1,2.3,0.0,3.8,,-6.8,7.7,2.5,2.2,,,4.1,0.2,0.0,-5.7,,4.6,-19.4,-4.3,0.2,,,-1.5,15.3,0.0,-0.33,,0.23,-0.17,-0.25,4.59,,,-0.05,0.4,0.91,0.24100000000000002,0.647,0.45799999999999996,0.5670000000000001,0.863,0.79,0.534,22.8,-9.6,95,99,95,104,97,103,102,102,99,95,99,99,108,91,104,97,102,102,105,98,101,86.9,8.1,211,0.049,115.5,1443,0.33399999999999996,4325,0.16699999999999998,0.263,,,,,,,,,,,,,,,,,,,,,,,,,,,,,,,,,,,,,,,,,,,,,,,,,,,,,,,,,,,,
26,2017,PHI,27,66,96,4.57,668,162,1,0,33,24,1441.0,6235,1471,782,731,221,527,39,63,50,11,1309,1823,1564,867,142,8608,15364,23972,690,96,81,15,8.18,3.29,2.48,9.19,1.38,0.261,1.39,0.304,0.73,4.56,1.17,0.204,0.429,0.368,0.091,0.141,0.053,0.185,92.3,888.0,47.1,545.3,139.5,14.3,$114.7,4.83,4.5,-5.91,-112.65,106.74,-41.92,-4.41,0.97,0.89,1.01,1.05,506,-5.61,-0.46,0.5589999999999999,92.6,0.152,83.6,0.017,87.8,0.12300000000000001,77.1,0.106,83.8,0.044000000000000004,86.5,,,0.006,,-36.6,4.3,-3.7,3.0,-15.7,1.9,,-0.27,0.12,-0.92,0.1,-0.62,0.19,,0.295,0.662,0.46799999999999997,0.6409999999999999,0.8540000000000001,0.7829999999999999,0.47100000000000003,0.602,0.10099999999999999,73,127,81,105,103,104,0.21,0.085,4.37,4.31,0.0,0.37,,0.011000000000000001,0.048,,0.191,0.153,0.061,0.065,0.0,0.1,,,,92.9,,86.5,86.0,,92.1,83.8,76.0,78.2,56.2,83.9,,,-3.9,,-0.9,-5.9,,-6.5,1.8,3.6,8.1,4.1,-4.8,,,10.0,,9.0,3.4,,6.5,2.3,-3.0,-5.1,0.6,5.3,,,-9.4,,-2.7,0.3,,-12.6,9.5,-10.2,10.9,-0.6,-11.4,,,-0.11,,-1.0,0.03,,-0.28,0.26,-0.7,0.7,-10.78,-0.47,,,0.263,0.648,0.46799999999999997,0.601,0.847,0.782,0.5329999999999999,22.4,12.9,-1.5,0.0,-1.5,22 - 39,0.125,0.397,0.35200000000000004,0.251,0.19399999999999998,0.501,0.304,4.43,0.33,0.096,0.0,0.125,0.35600000000000004,0.015,0.051,,,0.19899999999999998,0.14800000000000002,0.0,84.2,56.5,77.4,93.4,87.8,85.9,,,91.7,84.0,8.4,-4.7,2.4,6.0,-4.4,0.2,-6.0,,,-5.0,2.1,0.2,2.8,-3.1,-6.7,8.0,5.8,0.9,,,4.5,-0.1,-0.2,-13.3,-0.6,-2.8,-14.1,-3.5,4.3,,,-13.4,16.4,0.2,-0.58,-10.78,-0.09,-0.16,-1.0,0.35,,,-0.28,0.46,2.32,0.265,0.6459999999999999,0.46799999999999997,0.603,0.847,0.782,0.534,22.4,-21.4,97,98,100,105,112,103,103,102,100,97,97,100,95,106,103,101,100,99,100,102,97,87.1,12.5,259,0.06,115.7,1424,0.32799999999999996,4336,0.16899999999999998,0.27,,,,,,,,,,,,,,,,,,,,,,,,,,,,,,,,,,,,,,,,,,,,,,,,,,,,,,,,,,,,
8,2017,MIN,28,85,77,4.6,682,162,6,3,42,20,1436.0,6205,1487,788,734,224,483,37,69,52,8,1166,1877,1664,890,144,8487,15003,23490,815,105,55,17,7.31,3.03,2.41,9.32,1.4,0.263,1.37,0.296,0.725,4.71,1.13,0.201,0.424,0.376,0.087,0.135,0.055999999999999994,0.309,69.9,865.7,16.3,560.5,86.2,8.9,$71.1,4.99,4.75,-0.23,-104.38,104.15,-18.73,-1.96,0.93,0.86,1.01,1.05,520,-2.04,1.8,0.5920000000000001,91.8,0.138,84.5,0.013999999999999999,86.4,0.14,79.9,0.11599999999999999,83.0,0.001,83.9,,,0.005,,-20.7,9.9,-13.8,-1.4,-13.1,-0.7,,-0.15,0.31,-4.18,-0.04,-0.48,-3.11,,0.299,0.68,0.47100000000000003,0.6659999999999999,0.877,0.8029999999999999,0.45,0.607,0.092,82,126,81,104,107,108,0.188,0.078,4.55,5.11,-0.11,0.302,,0.016,,,0.292,0.142,0.10300000000000001,0.03,0.0,0.113,0.002,,,92.4,,86.7,,,91.3,84.2,79.9,79.6,64.2,83.1,79.3,,-2.7,,-0.6,,,-3.6,1.3,2.1,3.8,-3.2,-2.2,8.6,,11.0,,6.6,,,7.6,4.0,-1.5,-4.6,-4.1,6.4,6.9,,1.0,,-11.2,,,-4.6,11.2,3.9,-5.2,-0.4,-12.5,-0.6,,0.01,,-2.96,,,-0.07,0.34,0.16,-0.75,-42.03,-0.47,-1.45,,0.259,0.664,0.47100000000000003,0.615,0.87,0.8029999999999999,0.524,22.9,11.5,0.0,2.5,2.6,22 - 44,0.11,0.40299999999999997,0.353,0.244,0.17600000000000002,0.494,0.33,4.61,0.302,0.115,,0.122,0.34299999999999997,0.011000000000000001,0.001,,,0.24100000000000002,0.156,0.0,83.2,,80.0,92.4,87.3,84.1,,,91.4,84.1,0.0,-1.4,,3.9,-1.0,0.2,-1.6,,,-4.6,1.8,0.0,3.2,,-5.7,8.2,4.1,-2.3,,,4.5,0.3,0.0,-12.1,,-1.7,-23.0,-9.2,-0.6,,,13.0,9.2,-0.1,-0.45,,-0.06,-0.28,-3.43,-2.53,,,0.23,0.25,-1.93,0.261,0.662,0.47100000000000003,0.618,0.87,0.8029999999999999,0.523,22.9,6.4,88,94,93,106,107,105,103,100,100,87,93,99,98,103,99,100,102,97,95,100,103,87.8,12.9,289,0.064,118.0,1539,0.34299999999999997,4487,0.166,0.258,,,,,,,,,,,,,,,,,,,,,,,,,,,,,,,,,,,,,,,,,,,,,,,,,,,,,,,,,,,,
7,2017,KCR,29,80,82,4.63,700,162,1,1,39,21,1437.2,6218,1480,791,740,196,519,24,52,48,6,1216,1915,1637,834,151,8649,15326,23975,702,130,44,13,7.61,3.25,2.34,9.27,1.23,0.262,1.39,0.303,0.7090000000000001,4.43,1.17,0.19,0.43700000000000006,0.373,0.092,0.12,0.068,0.295,90.2,864.3,42.6,565.9,132.8,13.7,$109.4,4.6,4.68,1.78,-106.28,108.06,-31.65,-3.17,0.98,0.91,1.07,1.13,538,-1.4,3.22,0.551,91.8,0.19,84.0,0.024,86.8,0.092,76.8,0.14300000000000002,83.7,0.0,80.5,,,0.003,,-39.5,6.4,-4.4,-16.6,22.8,-0.6,,-0.3,0.14,-0.75,-0.76,0.66,-28.19,,0.29,0.6659999999999999,0.469,0.635,0.853,0.7829999999999999,0.475,0.619,0.102,94,147,77,104,103,107,0.196,0.083,4.51,4.39,0.2,0.281,,0.015,,,0.275,0.195,0.031,0.061,,0.14300000000000002,,,,92.8,,86.2,,,91.0,84.0,76.4,76.9,,83.8,,,-2.3,,-3.8,,,-3.1,-0.2,1.0,-1.9,,-0.7,,,9.9,,4.2,,,5.7,1.3,-5.6,-5.9,,5.5,,,-15.0,,-4.6,,,-16.8,12.5,-10.7,-0.8,,25.0,,,-0.22,,-1.24,,,-0.26,0.27,-1.46,-0.06,,0.73,,,0.255,0.6579999999999999,0.469,0.595,0.846,0.782,0.531,22.1,13.7,-2.4,2.4,0.0,24 - 38,0.11199999999999999,0.41700000000000004,0.336,0.247,0.191,0.495,0.314,4.59,0.311,0.13,,0.09,0.325,0.026000000000000002,0.012,0.0,,0.221,0.18600000000000003,0.0,83.6,,77.0,92.9,87.5,88.4,83.7,,91.0,84.1,7.3,2.2,,1.9,-1.4,0.3,-4.9,10.7,,-0.1,2.2,-0.7,4.5,,-7.4,8.5,3.3,1.8,-2.1,,4.1,-0.2,0.3,16.6,,-11.4,-23.8,-2.0,6.6,0.3,,-7.6,10.0,-0.3,0.53,,-0.52,-0.31,-0.32,2.25,33.82,,-0.14,0.22,-2.82,0.257,0.6559999999999999,0.469,0.591,0.848,0.782,0.531,22.1,-12.7,92,101,91,106,94,104,104,103,98,91,100,94,101,102,88,103,97,98,103,100,98,87.5,12.8,256,0.057999999999999996,116.3,1480,0.33399999999999996,4431,0.16699999999999998,0.26899999999999996,,,,,,,,,,,,,,,,,,,,,,,,,,,,,,,,,,,,,,,,,,,,,,,,,,,,,,,,,,,,
10,2017,OAK,28,75,87,4.67,687,162,1,1,35,25,1431.0,6167,1444,826,743,210,502,17,61,84,3,1202,1953,1511,882,125,9002,15077,24079,739,129,52,17,7.56,3.16,2.39,9.08,1.32,0.258,1.36,0.294,0.6890000000000001,4.57,1.29,0.203,0.449,0.348,0.083,0.139,0.066,0.327,72.8,875.1,19.5,550.3,92.4,9.6,$76.4,4.68,4.54,-11.11,-115.47,104.35,-95.2,-9.76,0.96,0.89,1.04,1.09,525,-9.99,-1.56,0.569,92.7,0.161,83.4,0.068,87.0,0.08199999999999999,78.8,0.12,83.2,,,,,0.003,,-49.7,17.9,2.2,-6.6,-15.2,,,-0.36,0.46,0.14,-0.34,-0.53,,,0.293,0.665,0.456,0.633,0.8690000000000001,0.784,0.43799999999999994,0.5820000000000001,0.099,95,112,92,111,107,103,0.195,0.081,4.46,4.65,0.11,0.271,,0.027000000000000003,0.003,,0.302,0.182,0.071,0.032,,0.11199999999999999,,,,92.9,,88.5,86.7,,92.6,84.9,77.6,79.7,,82.7,,,-4.2,,-0.1,-5.5,,-4.9,1.2,5.0,-0.5,,-4.5,,,9.9,,5.5,5.7,,6.2,2.0,-4.8,-5.5,,3.7,,,-39.5,,0.5,-0.2,,11.3,26.2,-13.7,7.9,,-16.5,,,-0.61,,0.08,-0.23,,0.16,0.6,-0.81,1.03,,-0.61,,,0.257,0.6559999999999999,0.456,0.5920000000000001,0.86,0.784,0.499,23.0,4.4,0.3,-5.5,-5.2,23 - 36,0.114,0.39399999999999996,0.361,0.245,0.17300000000000001,0.517,0.31,4.57,0.31,0.109,,0.10400000000000001,0.313,0.040999999999999995,0.003,,,0.258,0.165,0.0,82.8,,78.5,92.8,89.3,87.1,,,93.0,84.7,0.0,-3.7,,4.7,-0.7,0.8,-6.0,,,-7.5,2.3,0.0,1.7,,-7.1,7.6,4.4,3.5,,,5.1,-0.1,0.0,-19.9,,-9.0,-40.5,-8.7,0.8,,,6.4,32.9,0.0,-0.75,,-0.36,-0.54,-0.89,1.12,,,0.1,0.83,4.32,0.256,0.647,0.456,0.586,0.8590000000000001,0.784,0.512,23.0,0.2,91,98,93,103,101,102,102,100,95,90,97,100,104,95,102,98,104,98,94,105,96,88.2,11.0,260,0.059000000000000004,118.3,1578,0.358,4402,0.16699999999999998,0.266,,,,,,,,,,,,,,,,,,,,,,,,,,,,,,,,,,,,,,,,,,,,,,,,,,,,,,,,,,,,
29,2017,SDP,27,71,91,4.7,679,162,2,1,45,17,1430.2,6169,1417,816,747,226,554,28,75,73,11,1325,1971,1380,796,120,8723,15003,23726,604,145,68,16,8.34,3.49,2.39,8.91,1.42,0.256,1.38,0.299,0.711,4.68,1.43,0.192,0.475,0.33299999999999996,0.087,0.16399999999999998,0.07400000000000001,0.235,69.3,876.3,5.8,546.9,75.1,7.9,$63.3,4.7,4.34,-4.48,-108.04,103.56,-101.86,-9.9,0.95,0.88,1.02,1.07,517,-8.95,4.22,0.613,92.4,0.248,83.1,0.012,86.6,0.046,77.5,0.079,84.1,0.002,80.6,,,0.004,,-29.8,6.9,-4.2,-1.9,-14.6,-1.1,,-0.21,0.12,-1.46,-0.17,-0.78,-2.54,,0.287,0.662,0.455,0.62,0.863,0.779,0.44799999999999995,0.599,0.10099999999999999,81,135,78,112,109,100,0.215,0.09,4.29,3.8,0.02,0.307,,0.032,0.011000000000000001,,0.306,0.221,0.035,0.021,,0.067,,0.0,,92.2,,85.9,86.1,,92.1,82.9,77.2,79.2,,83.5,,70.5,-1.1,,-1.6,-9.5,,-5.6,0.4,1.9,3.4,,-2.7,,-4.2,9.0,,3.8,2.7,,5.3,0.6,-3.0,-5.0,,5.2,,4.7,-31.1,,-4.0,1.4,,20.0,-2.5,1.2,3.0,,-11.6,,1.1,-0.43,,-0.53,0.51,,0.28,-0.05,0.15,0.61,,-0.74,,10.2,0.255,0.65,0.456,0.581,0.853,0.778,0.508,22.6,5.7,0.3,-2.5,-2.2,22 - 34,0.125,0.39399999999999996,0.35600000000000004,0.25,0.18100000000000002,0.489,0.32899999999999996,4.43,0.341,0.071,,0.069,0.32,0.027000000000000003,0.006999999999999999,0.0,,0.268,0.217,0.0,84.0,,79.6,93.2,90.1,86.2,64.6,,91.7,83.3,0.0,-1.2,,4.2,-1.2,-1.3,-5.6,4.1,,-2.1,2.6,0.0,3.4,,-5.1,8.0,5.2,1.9,1.5,,3.4,-0.7,0.0,-6.4,,4.1,-28.7,-4.1,-2.7,0.1,,5.6,-0.2,0.0,-0.37,,0.25,-0.38,-0.64,-1.62,1.39,,0.09,0.0,0.91,0.256,0.643,0.456,0.581,0.852,0.778,0.516,22.6,4.4,99,103,96,101,115,102,102,100,98,99,103,94,106,96,119,100,101,98,93,100,105,87.5,9.4,236,0.055999999999999994,118.2,1407,0.33399999999999996,4215,0.172,0.273,,,,,,,,,,,,,,,,,,,,,,,,,,,,,,,,,,,,,,,,,,,,,,,,,,,,,,,,,,,,
13,2017,TEX,29,78,84,4.7,626,162,2,1,29,21,1434.1,6211,1443,816,749,214,559,22,74,63,7,1107,1958,1576,897,164,8986,14936,23922,799,118,39,13,6.95,3.51,1.98,9.05,1.34,0.259,1.4,0.289,0.7090000000000001,4.88,1.24,0.20199999999999999,0.442,0.35600000000000004,0.10400000000000001,0.136,0.06,0.33299999999999996,83.8,916.7,25.1,509.7,108.9,11.2,$89.2,5.61,4.89,-2.29,-105.54,103.25,-41.37,-3.96,0.94,0.85,1.01,1.06,464,-3.22,0.77,0.5539999999999999,92.7,0.121,84.0,0.08199999999999999,88.5,0.111,77.6,0.122,82.9,0.009000000000000001,86.3,,,0.003,,-61.4,4.4,12.6,-9.7,18.6,-0.9,,-0.46,0.15,0.64,-0.36,0.64,-0.4,,0.307,0.654,0.46,0.6779999999999999,0.872,0.8,0.44,0.584,0.092,66,110,74,98,107,111,0.17800000000000002,0.09,4.8,5.01,-0.18,0.302,,0.077,0.008,,0.258,0.127,0.11,0.006999999999999999,,0.11199999999999999,,,,92.9,,88.5,87.1,,92.4,84.0,77.5,79.8,,82.8,,,-3.0,,0.8,-7.2,,-2.1,1.1,1.8,4.3,,0.8,,,9.6,,4.5,2.7,,5.4,1.4,-4.4,-4.5,,4.3,,,-47.3,,11.4,-1.2,,-6.1,16.2,-1.8,-4.6,,15.1,,,-0.66,,0.63,-0.63,,-0.1,0.54,-0.07,-2.71,,0.56,,,0.263,0.649,0.46,0.627,0.867,0.8,0.511,23.1,15.7,2.3,2.3,4.6,22 - 40,0.08800000000000001,0.41100000000000003,0.345,0.244,0.188,0.494,0.318,4.87,0.303,0.111,,0.11199999999999999,0.295,0.083,0.021,,,0.255,0.114,0.0,82.9,,77.7,93.3,88.7,85.1,,,92.3,84.0,0.0,2.0,,3.7,-1.7,1.7,-0.7,,,-1.2,2.7,0.0,3.0,,-6.0,8.6,3.4,1.2,,,4.4,-0.1,0.0,11.0,,-8.6,-18.9,7.8,5.9,,,-31.3,6.3,0.0,0.41,,-0.32,-0.27,0.39,1.19,,,-0.51,0.23,-3.97,0.259,0.652,0.46,0.626,0.866,0.8,0.511,23.1,-12.2,84,109,76,103,103,103,105,98,98,83,108,100,102,97,100,102,100,97,102,100,99,86.8,12.3,241,0.054000000000000006,117.7,1432,0.32,4471,0.163,0.255,,,,,,,,,,,,,,,,,,,,,,,,,,,,,,,,,,,,,,,,,,,,,,,,,,,,,,,,,,,,
16,2017,ATL,28,72,90,4.72,692,162,0,0,36,23,1441.1,6306,1463,821,756,192,584,39,70,58,5,1258,1913,1537,853,127,8555,15260,23815,732,141,91,14,7.86,3.65,2.15,9.14,1.2,0.259,1.42,0.302,0.701,4.51,1.24,0.198,0.445,0.35700000000000004,0.083,0.125,0.07400000000000001,0.154,81.1,913.4,7.8,522.8,88.8,9.0,$71.7,4.82,4.67,-7.21,-111.88,104.67,-86.71,-8.66,0.96,0.86,0.99,1.03,530,-5.86,-1.67,0.556,92.7,0.134,84.5,0.037000000000000005,88.2,0.094,78.5,0.08199999999999999,83.6,0.001,84.0,0.096,77.2,0.006,,-36.1,6.3,12.2,-7.3,-15.8,0.2,-15.6,-0.27,0.2,1.4,-0.33,-0.81,0.76,-0.68,0.3,0.674,0.46399999999999997,0.655,0.853,0.7809999999999999,0.439,0.614,0.10099999999999999,81,118,80,107,105,108,0.19899999999999998,0.09300000000000001,4.57,4.57,0.22,0.341,,0.035,0.008,,0.20199999999999999,0.152,0.091,,0.002,0.069,,0.099,,93.2,,87.9,86.6,,92.3,84.9,78.1,,65.9,84.1,,77.3,-2.0,,-0.1,7.0,,-5.8,0.0,-0.1,,-1.6,-2.6,,-1.1,9.3,,5.5,3.0,,6.2,1.8,-4.2,,1.9,5.4,,2.2,20.5,,-0.5,-0.3,,-32.3,14.7,-6.5,,1.0,-13.6,,-16.5,0.25,,-0.06,-0.15,,-0.68,0.41,-0.3,,1.93,-0.83,,-0.71,0.264,0.66,0.46399999999999997,0.605,0.848,0.779,0.505,21.7,7.8,-1.0,-0.1,-1.1,20 - 44,0.107,0.377,0.368,0.256,0.201,0.504,0.295,4.65,0.32299999999999995,0.073,,0.092,0.355,0.036000000000000004,0.008,0.092,,0.184,0.138,0.0,83.8,,79.0,93.9,87.7,86.7,77.6,,91.7,85.0,0.0,-2.3,,1.2,-1.6,1.9,6.7,0.5,,-4.8,0.6,0.0,3.7,,-6.0,7.8,3.4,1.5,0.1,,4.5,0.0,0.0,-14.0,,-5.7,0.4,2.7,-0.3,-12.6,,-23.2,12.0,-0.6,-0.79,,-0.26,0.01,0.31,-0.15,-0.57,,-0.52,0.36,-11.28,0.26,0.6509999999999999,0.46399999999999997,0.595,0.847,0.779,0.522,21.7,9.4,94,108,86,104,97,103,105,101,96,92,106,97,99,103,91,96,104,100,103,103,94,87.4,11.1,232,0.053,122.2,1435,0.327,4394,0.172,0.273,,,,,,,,,,,,,,,,,,,,,,,,,,,,,,,,,,,,,,,,,,,,,,,,,,,,,,,,,,,,
4,2017,CHW,28,67,95,4.78,682,162,0,0,25,15,1421.2,6200,1384,820,755,242,632,36,68,67,5,1193,1792,1645,835,148,9476,15097,24573,706,106,33,7,7.55,4.0,1.89,8.76,1.53,0.252,1.42,0.281,0.7240000000000001,5.17,1.09,0.195,0.419,0.385,0.09,0.147,0.059000000000000004,0.212,16.6,869.6,22.3,542.5,38.8,4.4,$34.9,5.21,5.01,-7.08,-106.51,99.43,-77.43,-7.42,0.92,0.83,0.98,1.01,520,-8.13,0.41,0.5539999999999999,92.5,0.159,84.9,0.031,86.7,0.14400000000000002,77.3,0.07400000000000001,84.0,0.038,83.6,,,0.005,,-49.6,-32.3,1.0,12.0,-10.0,-7.5,,-0.36,-0.83,0.13,0.34,-0.55,-0.8,,0.278,0.6579999999999999,0.445,0.669,0.872,0.8009999999999999,0.43799999999999994,0.603,0.08900000000000001,55,108,73,112,116,114,0.192,0.102,4.82,4.47,-0.39,0.31,,0.038,0.031,,0.23199999999999998,0.16399999999999998,0.09300000000000001,0.045,0.004,0.085,,,,92.9,,88.1,82.9,,92.1,84.9,76.9,78.6,69.1,84.5,,,-2.7,,0.5,-6.8,,-4.1,-1.1,-0.1,0.5,5.5,-3.1,,,9.8,,5.7,1.9,,6.6,2.6,-3.0,-0.8,-6.4,5.7,,,7.1,,3.3,-2.9,,-33.1,-29.0,1.1,9.1,1.3,-20.6,,,0.09,,0.36,-0.38,,-0.58,-0.72,0.05,0.83,1.39,-0.99,,,0.235,0.647,0.445,0.616,0.866,0.8009999999999999,0.508,23.5,5.7,4.8,-3.5,1.3,22 - 35,0.09,0.41700000000000004,0.33799999999999997,0.245,0.175,0.503,0.321,4.84,0.33299999999999996,0.084,0.004,0.14,0.319,0.043,0.027000000000000003,,,0.218,0.155,,84.6,69.5,77.9,93.2,88.4,82.9,,,92.2,85.1,,-1.6,9.0,2.3,-1.6,2.2,-4.8,,,-2.2,0.5,,3.5,-9.5,-4.8,8.0,3.8,-0.9,,,4.8,0.6,,-20.0,1.3,10.4,5.3,0.0,-0.6,,,-43.7,-25.8,,-0.96,1.39,0.3,0.07,0.0,-0.08,,,-0.81,-0.67,,0.239,0.644,0.445,0.613,0.868,0.8009999999999999,0.509,23.5,-0.4,91,125,73,100,117,100,106,95,100,89,122,97,97,106,108,103,98,98,95,102,100,87.9,13.4,265,0.062,116.0,1513,0.35100000000000003,4307,0.168,0.256,,,,,,,,,,,,,,,,,,,,,,,,,,,,,,,,,,,,,,,,,,,,,,,,,,,,,,,,,,,,
20,2017,MIA,28,77,85,4.82,742,162,1,1,34,26,1442.2,6318,1450,822,772,193,627,59,75,57,3,1202,1836,1582,900,177,9286,15326,24612,778,108,95,15,7.5,3.91,1.92,9.05,1.2,0.258,1.44,0.298,0.7070000000000001,4.69,1.16,0.20800000000000002,0.425,0.366,0.11199999999999999,0.122,0.059000000000000004,0.158,36.3,827.4,18.0,607.8,54.3,5.5,$44.3,4.76,4.9,-7.07,-112.81,105.74,-101.59,-10.09,0.98,0.88,1.01,1.05,580,-7.55,0.32,0.565,92.4,0.171,83.6,0.051,86.9,0.069,78.5,0.134,84.2,0.01,87.2,,,0.009000000000000001,,-36.2,19.8,-0.3,-10.1,-9.2,-2.0,,-0.26,0.47,-0.02,-0.6,-0.28,-0.81,,0.285,0.6759999999999999,0.45899999999999996,0.652,0.862,0.789,0.445,0.591,0.09699999999999999,98,149,87,116,112,113,0.19,0.099,4.77,4.85,0.13,0.406,,0.052000000000000005,,0.01,0.156,0.157,0.049,0.032,,0.13699999999999998,,,,92.8,,87.0,,87.2,91.9,84.0,78.2,79.7,,84.4,,,-1.6,,0.7,,-7.1,-7.3,2.3,1.0,3.5,,-2.7,,,10.1,,5.6,,6.5,5.9,2.3,-2.3,-4.6,,5.1,,,-35.3,,1.9,,-1.8,7.9,26.2,-3.6,-10.2,,-1.5,,,-0.35,,0.15,,-0.73,0.21,0.68,-0.3,-1.3,,-0.04,,,0.249,0.6629999999999999,0.45899999999999996,0.616,0.852,0.789,0.508,21.8,1.5,0.5,-4.5,-4.1,24 - 37,0.091,0.40700000000000003,0.353,0.24,0.185,0.485,0.33,4.84,0.32,0.132,,0.069,0.385,0.055,0.01,,,0.172,0.16399999999999998,,84.6,,79.0,92.8,87.3,87.4,,,92.7,83.8,,-2.3,,2.2,-1.0,1.0,-6.8,,,-6.8,2.9,,2.7,,-6.8,8.1,3.2,3.8,,,4.4,0.0,,-3.5,,-10.7,-8.2,1.5,-2.1,,,-16.1,21.2,,-0.11,,-0.63,-0.09,0.11,-0.87,,,-0.38,0.52,,0.244,0.664,0.45899999999999996,0.608,0.852,0.789,0.512,21.8,2.2,89,116,77,103,98,103,107,100,97,88,114,102,94,106,89,104,100,94,95,99,105,87.4,12.3,244,0.055,114.5,1467,0.332,4414,0.16,0.257,,,,,,,,,,,,,,,,,,,,,,,,,,,,,,,,,,,,,,,,,,,,,,,,,,,,,,,,,,,,
2,2017,BAL,27,75,87,4.97,654,162,1,1,35,17,1441.0,6293,1505,841,796,242,579,21,60,53,6,1233,1947,1571,852,166,9563,15566,25129,743,135,51,15,7.7,3.62,2.13,9.4,1.51,0.266,1.45,0.302,0.722,4.96,1.24,0.195,0.446,0.359,0.106,0.154,0.069,0.294,58.3,843.2,25.5,588.7,83.8,8.6,$68.9,5.19,4.72,-2.44,-105.65,103.21,-75.2,-7.56,0.92,0.83,0.98,1.02,492,-6.62,3.95,0.5760000000000001,92.5,0.171,83.1,0.065,87.1,0.052000000000000005,76.5,0.09300000000000001,83.6,0.044000000000000004,84.7,,,0.003,,-61.1,7.3,-13.1,-13.4,-0.8,-2.2,,-0.42,0.17,-0.81,-1.03,-0.03,-0.2,,0.292,0.6709999999999999,0.455,0.655,0.865,0.7879999999999999,0.431,0.569,0.096,58,120,67,112,108,107,0.196,0.092,4.59,4.64,0.01,0.33399999999999996,,0.045,0.05,,0.245,0.18600000000000003,0.039,0.011000000000000001,,0.08900000000000001,,,,92.9,,87.9,84.5,,91.6,83.1,76.7,76.2,,83.7,,,-5.0,,-0.5,-8.1,,-3.1,0.9,1.7,3.5,,-3.9,,,9.6,,5.8,4.4,,6.5,1.5,-4.6,-7.7,,5.2,,,-12.8,,-2.3,-1.4,,-35.7,7.3,-8.8,-6.1,,-6.4,,,-0.15,,-0.2,-0.11,,-0.58,0.16,-0.89,-2.14,,-0.29,,,0.253,0.667,0.455,0.611,0.858,0.7879999999999999,0.489,22.5,7.2,-2.0,0.6,-1.4,22 - 34,0.10400000000000001,0.402,0.34600000000000003,0.251,0.19399999999999998,0.47700000000000004,0.32899999999999996,4.68,0.326,0.08900000000000001,,0.054000000000000006,0.34600000000000003,0.057999999999999996,0.047,,,0.217,0.17,0.0,83.7,,77.3,93.3,87.6,84.8,,,91.4,83.3,14.6,-3.0,,2.7,-4.5,0.4,-7.0,,,-1.3,2.0,-1.7,3.3,,-7.4,7.8,3.8,2.2,,,5.0,-0.3,0.5,3.5,,-14.1,-8.8,-13.8,-4.6,,,-41.6,5.7,0.5,0.16,,-1.03,-0.1,-0.94,-0.39,,,-0.76,0.13,7.86,0.257,0.662,0.455,0.613,0.858,0.7879999999999999,0.49,22.5,-0.3,93,113,82,107,116,106,109,102,99,91,110,96,103,99,113,100,100,100,105,97,102,88.0,11.6,282,0.064,121.1,1577,0.35700000000000004,4421,0.162,0.258,,,,,,,,,,,,,,,,,,,,,,,,,,,,,,,,,,,,,,,,,,,,,,,,,,,,,,,,,,,,
25,2017,NYM,27,70,92,5.01,730,162,2,0,34,20,1434.2,6378,1538,863,799,220,593,51,55,55,5,1374,1890,1472,894,139,9000,15914,24914,735,151,99,24,8.62,3.72,2.32,9.65,1.38,0.268,1.49,0.319,0.7040000000000001,4.59,1.28,0.21,0.444,0.34600000000000003,0.094,0.149,0.08,0.242,74.1,861.7,5.8,564.8,80.0,8.7,$69.3,4.62,4.42,-9.79,-110.84,101.05,-160.56,-16.5,0.94,0.86,1.04,1.09,568,-11.59,1.22,0.5770000000000001,93.0,0.20199999999999999,85.6,0.013999999999999999,86.7,0.09300000000000001,77.2,0.099,85.8,0.015,85.0,,,0.006999999999999999,,-51.9,-1.2,-6.4,-16.3,-18.2,-1.8,,-0.36,-0.02,-1.84,-0.7,-0.74,-0.48,,0.293,0.672,0.465,0.6509999999999999,0.841,0.775,0.45299999999999996,0.606,0.10400000000000001,73,124,86,123,108,102,0.215,0.09300000000000001,4.37,4.61,0.42,0.35600000000000004,,0.024,0.009000000000000001,,0.21899999999999997,0.179,0.099,0.005,,0.109,,,,93.0,,87.5,85.0,,93.2,85.7,77.3,83.2,,85.9,,,-4.0,,0.3,3.2,,-7.4,0.1,-0.7,-0.8,,-6.7,,,9.8,,3.5,4.7,,7.1,2.1,-4.0,1.8,,5.3,,,-24.0,,-3.2,-4.1,,-14.4,5.0,-13.9,-2.4,,-18.2,,,-0.27,,-0.55,-1.77,,-0.27,0.11,-0.57,-1.83,,-0.67,,,0.253,0.66,0.465,0.619,0.831,0.775,0.52,22.4,-2.5,-6.9,-4.3,-11.1,22 - 33,0.122,0.386,0.353,0.261,0.2,0.48200000000000004,0.318,4.46,0.34299999999999997,0.09699999999999999,,0.10800000000000001,0.392,0.011000000000000001,0.015,,,0.182,0.182,0.0,86.3,,78.4,93.6,87.1,85.6,,,93.5,86.5,0.0,-5.4,,0.5,-3.2,-0.7,1.5,,,-5.7,2.1,0.0,3.6,,-5.8,8.2,2.3,2.0,,,5.3,0.8,0.0,-19.4,,-16.3,-20.1,-1.2,-0.2,,,-27.1,5.2,0.3,-0.8,,-0.6,-0.2,-0.45,-0.05,,,-0.59,0.11,5.26,0.248,0.659,0.465,0.614,0.83,0.775,0.527,22.4,2.3,103,110,93,110,112,107,110,107,97,99,106,103,99,100,109,98,100,102,103,98,101,86.9,11.2,253,0.057999999999999996,117.7,1385,0.318,4356,0.16899999999999998,0.273,,,,,,,,,,,,,,,,,,,,,,,,,,,,,,,,,,,,,,,,,,,,,,,,,,,,,,,,,,,,
18,2017,CIN,26,68,94,5.17,666,162,2,1,33,14,1430.0,6286,1442,869,821,248,631,37,77,62,7,1300,1865,1472,840,130,9100,15244,24344,753,105,98,19,8.18,3.97,2.06,9.08,1.56,0.259,1.45,0.296,0.711,5.08,1.27,0.201,0.446,0.35200000000000004,0.08800000000000001,0.168,0.055999999999999994,0.19399999999999998,33.8,817.9,14.3,605.1,48.1,5.3,$42.6,5.46,4.66,-6.74,-101.97,95.23,-122.08,-12.44,0.86,0.8,0.86,0.86,504,-11.87,4.04,0.552,93.3,0.171,84.0,0.051,89.8,0.099,78.6,0.10400000000000001,85.0,0.022000000000000002,85.1,,,0.006,,-126.2,20.2,-11.2,-2.1,-8.3,-0.8,,-0.94,0.48,-0.91,-0.09,-0.33,-0.15,,0.28600000000000003,0.6709999999999999,0.462,0.616,0.85,0.7709999999999999,0.456,0.586,0.105,57,107,75,116,115,108,0.207,0.1,4.56,4.74,0.09,0.373,,0.045,0.026000000000000002,,0.184,0.184,0.08199999999999999,0.003,,0.102,,,,93.3,,88.9,85.7,,93.4,84.4,76.8,78.4,,84.9,,,-3.6,,-0.1,-6.0,,-8.1,1.6,4.7,5.1,,-5.1,,,10.2,,7.0,5.9,,7.6,2.9,-0.7,-2.7,,5.9,,,-96.6,,-14.9,-0.5,,-12.0,22.4,3.6,-2.3,,-6.0,,,-1.06,,-1.35,-0.08,,-0.27,0.5,0.18,-3.03,,-0.24,,,0.247,0.6579999999999999,0.462,0.568,0.841,0.7709999999999999,0.522,21.7,4.8,1.0,-1.5,-0.5,22 - 40,0.106,0.41100000000000003,0.33799999999999997,0.25,0.179,0.501,0.32,4.65,0.34700000000000003,0.109,,0.094,0.369,0.052000000000000005,0.015,,,0.179,0.172,0.0,85.3,,77.1,93.5,90.1,85.8,,,93.7,85.4,0.0,-4.1,,6.2,-3.1,1.2,-4.2,,,-6.0,2.8,0.0,3.1,,-3.4,7.5,4.3,1.5,,,5.4,-0.3,0.0,-7.2,,2.1,-108.2,-10.4,0.4,,,-7.8,16.2,0.2,-0.27,,0.09,-1.2,-0.82,0.11,,,-0.18,0.38,2.45,0.245,0.655,0.462,0.564,0.841,0.7709999999999999,0.528,21.7,-17.1,98,118,83,103,127,103,107,99,98,95,115,99,99,102,123,105,96,98,92,102,102,87.1,11.6,245,0.057,114.7,1381,0.32299999999999995,4278,0.161,0.267,,,,,,,,,,,,,,,,,,,,,,,,,,,,,,,,,,,,,,,,,,,,,,,,,,,,,,,,,,,,
6,2017,DET,27,64,98,5.36,672,162,2,1,32,23,1420.1,6298,1587,894,846,218,538,42,61,53,4,1202,1752,1706,994,169,8992,15447,24439,735,124,44,23,7.62,3.41,2.23,10.06,1.38,0.278,1.5,0.32,0.687,4.73,1.03,0.223,0.39399999999999996,0.38299999999999995,0.099,0.128,0.071,0.523,121.3,889.1,-9.3,522.6,112.0,11.5,$91.8,5.21,4.87,-9.79,-108.76,98.97,-130.95,-12.9,0.89,0.85,0.97,1.0,510,-11.87,0.87,0.56,93.4,0.179,86.2,0.048,88.9,0.096,78.6,0.11599999999999999,84.4,0.002,86.7,,,0.006999999999999999,,-76.9,-2.6,5.6,-27.8,-7.2,-1.7,,-0.56,-0.06,0.48,-1.18,-0.25,-3.16,,0.294,0.6759999999999999,0.469,0.667,0.868,0.799,0.45799999999999996,0.595,0.094,75,92,87,121,106,111,0.191,0.085,4.65,4.66,0.64,0.376,,0.055,0.016,,0.18100000000000002,0.179,0.092,,,0.10099999999999999,,,,93.4,,88.6,83.6,,93.2,86.0,78.5,,,84.6,,,-2.7,,0.6,-7.5,,-3.1,0.9,0.8,,,-1.1,,,10.0,,5.0,4.1,,7.7,3.4,-3.6,,,4.9,,,-36.3,,10.5,0.8,,-30.2,-3.3,-24.3,,,-4.6,,,-0.4,,0.79,0.22,,-0.68,-0.08,-1.08,,,-0.19,,,0.257,0.6579999999999999,0.469,0.624,0.86,0.799,0.529,23.5,2.9,-8.0,-0.7,-8.6,22 - 35,0.105,0.39399999999999996,0.355,0.251,0.172,0.46399999999999997,0.363,4.67,0.311,0.11199999999999999,,0.094,0.41,0.046,0.004,,,0.14300000000000002,0.17800000000000002,0.0,84.7,,78.7,93.4,88.7,80.1,,,93.5,86.3,0.0,-1.5,,1.2,-1.7,1.6,-5.5,,,-4.3,1.5,0.0,2.7,,-5.7,8.2,3.6,1.9,,,5.7,1.3,0.0,-5.7,,-27.5,-52.7,-3.1,-0.8,,,-13.3,8.8,0.1,-0.21,,-1.19,-0.52,-0.27,-0.86,,,-0.38,0.2,1.23,0.256,0.657,0.469,0.626,0.8590000000000001,0.799,0.531,23.5,-13.1,92,106,86,115,106,111,112,108,95,88,102,110,91,105,94,98,103,100,93,94,113,87.9,14.3,281,0.062,116.2,1571,0.349,4497,0.161,0.255,,,,,,,,,,,,,,,,,,,,,,,,,,,,,,,,,,,,,,,,,,,,,,,,,,,,,,,,,,,,
